case,year,Scenario,TechSensitivity,nonsrec_energy_revenue,nonsrec_capacity_revenue,nonsrec_rps_revenue,nonsrec_revenue,capacity,output,capacityfactor,nonsrec_revenue_permwh
currentpolicy_doublezcfcost,2030,Current Policy (CP),Doubled ZCF Fuel Price,76130637.87670237,2509403.670357235,14565679,93205720.5470596,1960.4601499999999,3516754.1880281805,0.20477639269406397,26.503336759888636
currentpolicy_doublezcfcost,2040,Current Policy (CP),Doubled ZCF Fuel Price,68350249.92670572,1487078.8867329054,0,69837328.81343862,1960.4601499999999,3516754.1880281805,0.20477639269406397,19.858461831418456
currentpolicy_doublezcfcost,2050,Current Policy (CP),Doubled ZCF Fuel Price,65191813.734153144,2115246.771588934,476684,67783744.50574207,1960.4601499999999,3516754.1880281805,0.20477639269406397,19.274518741313546
currentpolicy_highngcost,2030,Current Policy (CP),High NatGas Price,94073838.27775298,1191774.9366645056,1563971,96829584.21441749,1960.4601499999999,3516754.1880281805,0.20477639269406397,27.533793673736735
currentpolicy_highngcost,2040,Current Policy (CP),High NatGas Price,75715014.72183296,859529.1914234236,0,76574543.91325638,1960.4601499999999,3516754.1880281805,0.20477639269406397,21.77420991604511
currentpolicy_highngcost,2050,Current Policy (CP),High NatGas Price,74897103.37984042,1568541.1039459794,0,76465644.4837864,1960.4601499999999,3516754.1880281805,0.20477639269406397,21.743244024303035
currentpolicy_highrecost,2030,Current Policy (CP),High RE/BESS Cost,75980833.9055776,11035173.402495367,26394220,113410227.30807297,1960.4601499999999,3516754.1880281805,0.20477639269406397,32.24855114814302
currentpolicy_highrecost,2040,Current Policy (CP),High RE/BESS Cost,74239256.25889915,3036108.3981135054,16144774,93420138.65701266,1960.4601499999999,3516754.1880281805,0.20477639269406397,26.56430721687508
currentpolicy_highrecost,2050,Current Policy (CP),High RE/BESS Cost,74438401.60226397,2400997.47776479,5569816,82409215.08002876,1960.4601499999999,3516754.1880281805,0.20477639269406397,23.433316823953234
currentpolicy_lowngcost,2030,Current Policy (CP),Low NatGas Price,66110503.269744344,10137636.032226695,21838608,98086747.30197103,1960.4601499999999,3516754.1880281805,0.20477639269406397,27.891271910866077
currentpolicy_lowngcost,2040,Current Policy (CP),Low NatGas Price,56868156.59659514,2557541.0637401547,9311062,68736759.66033529,1960.4601499999999,3516754.1880281805,0.20477639269406397,19.545511566981457
currentpolicy_lowngcost,2050,Current Policy (CP),Low NatGas Price,54023740.71935175,2879805.1629841626,9428862,66332407.882335916,1960.4601499999999,3516754.1880281805,0.20477639269406397,18.861826654858703
currentpolicy_lowrecost,2030,Current Policy (CP),Low RE/BESS Cost,76031858.05931528,1127485.3270052336,9778241,86937584.38632052,1960.4601499999999,3516754.1880281805,0.20477639269406397,24.720972731695475
currentpolicy_lowrecost,2040,Current Policy (CP),Low RE/BESS Cost,60102280.39134793,633151.5455094541,0,60735431.93685739,1960.4601499999999,3516754.1880281805,0.20477639269406397,17.270309123001663
currentpolicy_lowrecost,2050,Current Policy (CP),Low RE/BESS Cost,57234926.38581559,860232.0399127204,0,58095158.42572831,1960.4601499999999,3516754.1880281805,0.20477639269406397,16.519539131707656
currentpolicy_mid,2030,Current Policy (CP),Mid,76130533.76425715,2509352.918749056,14565687,93205573.6830062,1960.4601499999999,3516754.1880281805,0.20477639269406397,26.50329499863791
currentpolicy_mid,2040,Current Policy (CP),Mid,68390106.99575454,1591512.2538824186,0,69981619.24963696,1960.4601499999999,3516754.1880281805,0.20477639269406397,19.899491266085665
currentpolicy_mid,2050,Current Policy (CP),Mid,64537228.263094135,1644592.5993558408,658557,66840377.862449974,1960.4601499999999,3516754.1880281805,0.20477639269406397,19.006269499867123
currentpolicy_noflexibleload,2030,Current Policy (CP),No Flexible Load,75264089.55209225,1414009.2323907763,16104645,92782743.78448303,1960.4601499999999,3516754.1880281805,0.20477639269406397,26.383062000846202
currentpolicy_noflexibleload,2040,Current Policy (CP),No Flexible Load,67064335.572274834,930336.5092565512,785292,68779964.08153139,1960.4601499999999,3516754.1880281805,0.20477639269406397,19.557796878631382
currentpolicy_noflexibleload,2050,Current Policy (CP),No Flexible Load,62583976.92212421,4488152.938981271,1471679,68543808.86110547,1960.4601499999999,3516754.1880281805,0.20477639269406397,19.490645406620672
currentpolicy_nointertrans,2030,Current Policy (CP),No Interregional Transmission Upgrade,76556002.22159684,4522052.493661553,13324633,94402687.71525839,1960.4601499999999,3516754.1880281805,0.20477639269406397,26.843698099977047
currentpolicy_nointertrans,2040,Current Policy (CP),No Interregional Transmission Upgrade,72884848.05900288,1251372.522153899,0,74136220.58115678,1960.4601499999999,3516754.1880281805,0.20477639269406397,21.080865086770377
currentpolicy_nointertrans,2050,Current Policy (CP),No Interregional Transmission Upgrade,76117014.44132401,4355384.680559141,0,80472399.12188315,1960.4601499999999,3516754.1880281805,0.20477639269406397,22.88257717750909
deepdecarbonization_dgsolar_doublezcfcost,2030,DD + High Solar,Doubled ZCF Fuel Price,214416129.25332475,1128010.4769967697,0,215544139.73032153,4370.225083333334,7839489.807756768,0.20477639269406395,27.494664195755675
deepdecarbonization_dgsolar_doublezcfcost,2040,DD + High Solar,Doubled ZCF Fuel Price,415258892.9319432,2658775.100519181,-27,417917641.03246236,10473.906,18764823.185694236,0.20451807600619604,22.2713338088403
deepdecarbonization_dgsolar_doublezcfcost,2050,DD + High Solar,Doubled ZCF Fuel Price,587247099.7197652,4619483.421272691,-51,591866532.1410378,15730.893916666668,27918570.264222734,0.20259823865754945,21.19974363083724
deepdecarbonization_dgsolar_highngcost,2030,DD + High Solar,High NatGas Price,216476373.56470823,792195.8594695218,-2,217268567.42417777,4370.225083333334,7839489.807756768,0.20477639269406395,27.714631022187415
deepdecarbonization_dgsolar_highngcost,2040,DD + High Solar,High NatGas Price,420299086.1531737,2730506.898439339,0,423029593.05161303,10473.906,18764823.185694236,0.20451807600619604,22.54375588117018
deepdecarbonization_dgsolar_highngcost,2050,DD + High Solar,High NatGas Price,616990993.8821565,3412111.438994211,-3,620403102.3211507,15730.893916666668,27918570.264222734,0.20259823865754945,22.221879431848585
deepdecarbonization_dgsolar_highrecost,2030,DD + High Solar,High RE/BESS Cost,244059509.3551551,2428469.132019325,0,246487978.48717442,4370.225083333334,7839489.807756768,0.20477639269406395,31.441839269092153
deepdecarbonization_dgsolar_highrecost,2040,DD + High Solar,High RE/BESS Cost,553366316.1790689,669239.6587645249,-2,554035553.8378334,10473.906,18764823.185694236,0.20451807600619604,29.52522112013367
deepdecarbonization_dgsolar_highrecost,2050,DD + High Solar,High RE/BESS Cost,659112883.2868352,595028.5691804937,-5,659707906.8560157,15730.893916666668,27918570.264222734,0.20259823865754945,23.629716730208866
deepdecarbonization_dgsolar_instaterps_doublezcfcost,2030,DD + High Solar + 80% Instate,Doubled ZCF Fuel Price,214415907.97752613,1128022.1140321214,-3,215543927.09155825,4370.225083333334,7839489.807756768,0.20477639269406395,27.494637071699326
deepdecarbonization_dgsolar_instaterps_doublezcfcost,2040,DD + High Solar + 80% Instate,Doubled ZCF Fuel Price,415259230.74077725,2658781.8624728955,-11,417918001.60325015,10473.906,18764823.185694236,0.20451807600619604,22.271353024091315
deepdecarbonization_dgsolar_instaterps_doublezcfcost,2050,DD + High Solar + 80% Instate,Doubled ZCF Fuel Price,587246150.9025068,4620503.878068709,1871,591868525.7805755,15730.893916666668,27918570.264222734,0.20259823865754945,21.199815039921543
deepdecarbonization_dgsolar_instaterps_highngcost,2030,DD + High Solar + 80% Instate,High NatGas Price,216477625.9691204,792144.0670580142,0,217269770.03617844,4370.225083333334,7839489.807756768,0.20477639269406395,27.71478442655813
deepdecarbonization_dgsolar_instaterps_highngcost,2040,DD + High Solar + 80% Instate,High NatGas Price,420295888.61881506,2730507.061832273,-2,423026393.6806473,10473.906,18764823.185694236,0.20451807600619604,22.543585382842856
deepdecarbonization_dgsolar_instaterps_highngcost,2050,DD + High Solar + 80% Instate,High NatGas Price,616469091.5369399,3441419.1703541046,5190391,625100901.707294,15730.893916666668,27918570.264222734,0.20259823865754945,22.390147338896945
deepdecarbonization_dgsolar_instaterps_highrecost,2030,DD + High Solar + 80% Instate,High RE/BESS Cost,244060361.70799282,2428479.2587048886,-1,246488839.96669772,4370.225083333334,7839489.807756768,0.20477639269406395,31.441949158835545
deepdecarbonization_dgsolar_instaterps_highrecost,2040,DD + High Solar + 80% Instate,High RE/BESS Cost,553367185.8071418,669224.9534005008,-22,554036388.7605423,10473.906,18764823.185694236,0.20451807600619604,29.52526561416916
deepdecarbonization_dgsolar_instaterps_highrecost,2050,DD + High Solar + 80% Instate,High RE/BESS Cost,640687501.1320502,599158.3063750727,130200860,771487519.4384252,15730.893916666668,27918570.264222734,0.20259823865754945,27.633489542517008
deepdecarbonization_dgsolar_instaterps_lowngcost,2030,DD + High Solar + 80% Instate,Low NatGas Price,216830113.00834835,1140377.4255939978,-1,217970489.43394235,4370.225083333334,7839489.807756768,0.20477639269406395,27.80416771742874
deepdecarbonization_dgsolar_instaterps_lowngcost,2040,DD + High Solar + 80% Instate,Low NatGas Price,418187153.1446652,936296.6734961208,-11,419123438.8181613,10473.906,18764823.185694236,0.20451807600619604,22.33559222330904
deepdecarbonization_dgsolar_instaterps_lowngcost,2050,DD + High Solar + 80% Instate,Low NatGas Price,593968312.1317998,2273023.623932949,4988683,601230018.7557328,15730.893916666668,27918570.264222734,0.20259823865754945,21.53512923712289
deepdecarbonization_dgsolar_instaterps_lowrecost,2030,DD + High Solar + 80% Instate,Low RE/BESS Cost,196196324.63954532,1462001.7299857584,-2,197658324.36953107,4370.225083333334,7839489.807756768,0.20477639269406395,25.213161725646792
deepdecarbonization_dgsolar_instaterps_lowrecost,2040,DD + High Solar + 80% Instate,Low RE/BESS Cost,363515126.65573215,3643007.1633415148,-5,367158128.8190737,10473.906,18764823.185694236,0.20451807600619604,19.566298343753353
deepdecarbonization_dgsolar_instaterps_lowrecost,2050,DD + High Solar + 80% Instate,Low RE/BESS Cost,565157711.3266685,8516556.20208089,-141,573674126.5287493,15730.893916666668,27918570.264222734,0.20259823865754945,20.54811980339498
deepdecarbonization_dgsolar_instaterps_mid,2030,DD + High Solar + 80% Instate,Mid,214415907.97752613,1128022.1140321214,-3,215543927.09155825,4370.225083333334,7839489.807756768,0.20477639269406395,27.494637071699326
deepdecarbonization_dgsolar_instaterps_mid,2040,DD + High Solar + 80% Instate,Mid,418065350.2309152,1639941.9697201103,-35,419705257.2006353,10473.906,18764823.185694236,0.20451807600619604,22.366598024787496
deepdecarbonization_dgsolar_instaterps_mid,2050,DD + High Solar + 80% Instate,Mid,623426480.748847,2465240.6059562787,6930,625898651.3548033,15730.893916666668,27918570.264222734,0.20259823865754945,22.418721497242426
deepdecarbonization_dgsolar_instaterps_noflexibleload,2030,DD + High Solar + 80% Instate,No Flexible Load,212255722.21560663,615236.7648302496,-2,212870956.9804369,4370.225083333334,7839489.807756768,0.20477639269406395,27.15367481820209
deepdecarbonization_dgsolar_instaterps_noflexibleload,2040,DD + High Solar + 80% Instate,No Flexible Load,448653507.6612443,2152403.720644867,-16,450805895.38188916,10473.906,18764823.185694236,0.20451807600619604,24.023988444802967
deepdecarbonization_dgsolar_instaterps_noflexibleload,2050,DD + High Solar + 80% Instate,No Flexible Load,682117740.2669475,8606093.215982767,-38,690723795.4829303,15730.893916666668,27918570.264222734,0.20259823865754945,24.740657882759972
deepdecarbonization_dgsolar_instaterps_nointertrans,2030,DD + High Solar + 80% Instate,No Interregional Transmission Upgrade,215119143.20059806,1598951.1710025994,-2,216718092.37160066,4370.225083333334,7839489.807756768,0.20477639269406395,27.644412798033027
deepdecarbonization_dgsolar_instaterps_nointertrans,2040,DD + High Solar + 80% Instate,No Interregional Transmission Upgrade,419562136.58537877,2061859.2751166832,-12,421623983.86049545,10473.906,18764823.185694236,0.20451807600619604,22.46884927655111
deepdecarbonization_dgsolar_instaterps_nointertrans,2050,DD + High Solar + 80% Instate,No Interregional Transmission Upgrade,613085357.828919,2349230.630701867,240,615434828.459621,15730.893916666668,27918570.264222734,0.20259823865754945,22.043923547485246
deepdecarbonization_dgsolar_lowngcost,2030,DD + High Solar,Low NatGas Price,216830538.95077956,1140383.089405706,-2,217970920.04018527,4370.225083333334,7839489.807756768,0.20477639269406395,27.804222645268876
deepdecarbonization_dgsolar_lowngcost,2040,DD + High Solar,Low NatGas Price,418182894.2351459,935968.1405813999,0,419118862.37572736,10473.906,18764823.185694236,0.20451807600619604,22.335348339186673
deepdecarbonization_dgsolar_lowngcost,2050,DD + High Solar,Low NatGas Price,595605254.8898599,2267054.6746681365,-1,597872308.5645281,15730.893916666668,27918570.264222734,0.20259823865754945,21.41486125207111
deepdecarbonization_dgsolar_lowrecost,2030,DD + High Solar,Low RE/BESS Cost,196196214.0737728,1461982.4572931412,-1,197658195.53106594,4370.225083333334,7839489.807756768,0.20477639269406395,25.21314529109961
deepdecarbonization_dgsolar_lowrecost,2040,DD + High Solar,Low RE/BESS Cost,363536626.71983314,3643038.270842335,0,367179664.99067545,10473.906,18764823.185694236,0.20451807600619604,19.567446032244135
deepdecarbonization_dgsolar_lowrecost,2050,DD + High Solar,Low RE/BESS Cost,565160764.5264877,8516339.260469062,-27,573677076.7869568,15730.893916666668,27918570.264222734,0.20259823865754945,20.548225477080255
deepdecarbonization_dgsolar_mid,2030,DD + High Solar,Mid,214416129.25332475,1128010.4769967697,0,215544139.73032153,4370.225083333334,7839489.807756768,0.20477639269406395,27.494664195755675
deepdecarbonization_dgsolar_mid,2040,DD + High Solar,Mid,418064738.14079225,1640030.817769927,-3,419704765.9585622,10473.906,18764823.185694236,0.20451807600619604,22.3665718459065
deepdecarbonization_dgsolar_mid,2050,DD + High Solar,Mid,623392787.9749106,2465225.5231751916,-15,625857998.4980859,15730.893916666668,27918570.264222734,0.20259823865754945,22.417265374800166
deepdecarbonization_dgsolar_noflexibleload,2030,DD + High Solar,No Flexible Load,212254173.16349202,615299.5439876168,0,212869472.70747963,4370.225083333334,7839489.807756768,0.20477639269406395,27.15348548535089
deepdecarbonization_dgsolar_noflexibleload,2040,DD + High Solar,No Flexible Load,448650711.80751765,2152388.550239417,-7,450803093.3577571,10473.906,18764823.185694236,0.20451807600619604,24.023839121566382
deepdecarbonization_dgsolar_noflexibleload,2050,DD + High Solar,No Flexible Load,682129811.023195,8606212.953254903,-5,690736018.97645,15730.893916666668,27918570.264222734,0.20259823865754945,24.741095709389487
deepdecarbonization_dgsolar_nointertrans,2030,DD + High Solar,No Interregional Transmission Upgrade,215119302.36506945,1598837.4752268316,-3,216718136.84029627,4370.225083333334,7839489.807756768,0.20477639269406395,27.644418470429663
deepdecarbonization_dgsolar_nointertrans,2040,DD + High Solar,No Interregional Transmission Upgrade,419562501.86848533,2061834.640489771,-11,421624325.5089751,10473.906,18764823.185694236,0.20451807600619604,22.468867483409564
deepdecarbonization_dgsolar_nointertrans,2050,DD + High Solar,No Interregional Transmission Upgrade,613082575.6191653,2349375.663251421,-1,615431950.2824167,15730.893916666668,27918570.264222734,0.20259823865754945,22.043820455630005
deepdecarbonization_dgsolar_nuclear_doublezcfcost,2030,DD + High Solar + Nuclear,Doubled ZCF Fuel Price,214416129.25332475,1128010.4769967697,0,215544139.73032153,4370.225083333334,7839489.807756768,0.20477639269406395,27.494664195755675
deepdecarbonization_dgsolar_nuclear_doublezcfcost,2040,DD + High Solar + Nuclear,Doubled ZCF Fuel Price,415259057.9518782,2658780.731291047,-13,417917825.68316925,10473.906,18764823.185694236,0.20451807600619604,22.271343649098586
deepdecarbonization_dgsolar_nuclear_doublezcfcost,2050,DD + High Solar + Nuclear,Doubled ZCF Fuel Price,587251463.3306651,4617148.270748484,-58,591868553.6014136,15730.893916666668,27918570.264222734,0.20259823865754945,21.19981603642093
deepdecarbonization_dgsolar_nuclear_highngcost,2030,DD + High Solar + Nuclear,High NatGas Price,216476373.56470823,792195.8594695218,-2,217268567.42417777,4370.225083333334,7839489.807756768,0.20477639269406395,27.714631022187415
deepdecarbonization_dgsolar_nuclear_highngcost,2040,DD + High Solar + Nuclear,High NatGas Price,420296629.0544092,2730553.7419365332,-1,423027181.7963457,10473.906,18764823.185694236,0.20451807600619604,22.54362738247646
deepdecarbonization_dgsolar_nuclear_highngcost,2050,DD + High Solar + Nuclear,High NatGas Price,617005927.4156196,3411942.3004228193,-3,620417866.7160424,15730.893916666668,27918570.264222734,0.20259823865754945,22.222408269634762
deepdecarbonization_dgsolar_nuclear_highrecost,2030,DD + High Solar + Nuclear,High RE/BESS Cost,244061393.53657618,2428546.348652278,0,246489939.88522846,4370.225083333334,7839489.807756768,0.20477639269406395,31.44208946369692
deepdecarbonization_dgsolar_nuclear_highrecost,2040,DD + High Solar + Nuclear,High RE/BESS Cost,553397120.887796,669377.7634994783,-3,554066495.6512955,10473.906,18764823.185694236,0.20451807600619604,29.52687004659335
deepdecarbonization_dgsolar_nuclear_highrecost,2050,DD + High Solar + Nuclear,High RE/BESS Cost,659120835.4322972,595130.1467086924,-14,659715951.579006,15730.893916666668,27918570.264222734,0.20259823865754945,23.630004879742103
deepdecarbonization_dgsolar_nuclear_instaterps_doublezcfcost,2030,DD + High Solar + Nuclear + 80% Instate,Doubled ZCF Fuel Price,214415907.97752613,1128022.1140321214,-3,215543927.09155825,4370.225083333334,7839489.807756768,0.20477639269406395,27.494637071699326
deepdecarbonization_dgsolar_nuclear_instaterps_doublezcfcost,2040,DD + High Solar + Nuclear + 80% Instate,Doubled ZCF Fuel Price,415258980.5199459,2658767.647287672,-14,417917734.1672336,10473.906,18764823.185694236,0.20451807600619604,22.27133877210429
deepdecarbonization_dgsolar_nuclear_instaterps_doublezcfcost,2050,DD + High Solar + Nuclear + 80% Instate,Doubled ZCF Fuel Price,587247277.5941098,4619559.401490309,2512,591869348.9956001,15730.893916666668,27918570.264222734,0.20259823865754945,21.199844526210306
deepdecarbonization_dgsolar_nuclear_instaterps_highngcost,2030,DD + High Solar + Nuclear + 80% Instate,High NatGas Price,216477625.9691204,792144.0670580142,0,217269770.03617844,4370.225083333334,7839489.807756768,0.20477639269406395,27.71478442655813
deepdecarbonization_dgsolar_nuclear_instaterps_highngcost,2040,DD + High Solar + Nuclear + 80% Instate,High NatGas Price,420297025.01086473,2730570.5085652582,-2,423027593.51943,10473.906,18764823.185694236,0.20451807600619604,22.543649323694886
deepdecarbonization_dgsolar_nuclear_instaterps_highngcost,2050,DD + High Solar + Nuclear + 80% Instate,High NatGas Price,616418707.9749016,3444226.4742206857,5202157,625065091.4491222,15730.893916666668,27918570.264222734,0.20259823865754945,22.388864670843642
deepdecarbonization_dgsolar_nuclear_instaterps_highrecost,2030,DD + High Solar + Nuclear + 80% Instate,High RE/BESS Cost,244060361.70799282,2428479.2587048886,-1,246488839.96669772,4370.225083333334,7839489.807756768,0.20477639269406395,31.441949158835545
deepdecarbonization_dgsolar_nuclear_instaterps_highrecost,2040,DD + High Solar + Nuclear + 80% Instate,High RE/BESS Cost,553368263.7238413,669224.4757903871,-23,554037465.1996317,10473.906,18764823.185694236,0.20451807600619604,29.525322978903098
deepdecarbonization_dgsolar_nuclear_instaterps_highrecost,2050,DD + High Solar + Nuclear + 80% Instate,High RE/BESS Cost,640688559.5932926,599497.319723692,130192796,771480852.9130163,15730.893916666668,27918570.264222734,0.20259823865754945,27.633250757889222
deepdecarbonization_dgsolar_nuclear_instaterps_lowngcost,2030,DD + High Solar + Nuclear + 80% Instate,Low NatGas Price,216830113.00834835,1140377.4255939978,-1,217970489.43394235,4370.225083333334,7839489.807756768,0.20477639269406395,27.80416771742874
deepdecarbonization_dgsolar_nuclear_instaterps_lowngcost,2040,DD + High Solar + Nuclear + 80% Instate,Low NatGas Price,418184440.5570419,936074.2077326807,-15,419120499.76477456,10473.906,18764823.185694236,0.20451807600619604,22.335435597618634
deepdecarbonization_dgsolar_nuclear_instaterps_lowngcost,2050,DD + High Solar + Nuclear + 80% Instate,Low NatGas Price,593967610.2413375,2273006.8044611737,4989491,601230108.0457987,15730.893916666668,27918570.264222734,0.20259823865754945,21.53513243535493
deepdecarbonization_dgsolar_nuclear_instaterps_lowrecost,2030,DD + High Solar + Nuclear + 80% Instate,Low RE/BESS Cost,196196324.63954532,1462001.7299857584,-2,197658324.36953107,4370.225083333334,7839489.807756768,0.20477639269406395,25.213161725646792
deepdecarbonization_dgsolar_nuclear_instaterps_lowrecost,2040,DD + High Solar + Nuclear + 80% Instate,Low RE/BESS Cost,363525886.05422586,3642998.943420086,-4,367168880.997646,10473.906,18764823.185694236,0.20451807600619604,19.5668713402834
deepdecarbonization_dgsolar_nuclear_instaterps_lowrecost,2050,DD + High Solar + Nuclear + 80% Instate,Low RE/BESS Cost,565176224.5621105,8516308.8117508,-62,573692471.3738613,15730.893916666668,27918570.264222734,0.20259823865754945,20.548776887369492
deepdecarbonization_dgsolar_nuclear_instaterps_mid,2030,DD + High Solar + Nuclear + 80% Instate,Mid,214415907.97752613,1128022.1140321214,-3,215543927.09155825,4370.225083333334,7839489.807756768,0.20477639269406395,27.494637071699326
deepdecarbonization_dgsolar_nuclear_instaterps_mid,2040,DD + High Solar + Nuclear + 80% Instate,Mid,418064077.32612526,1640066.6762345089,-32,419704112.00235975,10473.906,18764823.185694236,0.20451807600619604,22.36653699579382
deepdecarbonization_dgsolar_nuclear_instaterps_mid,2050,DD + High Solar + Nuclear + 80% Instate,Mid,623409281.1860242,2464848.604664591,9423,625883552.7906888,15730.893916666668,27918570.264222734,0.20259823865754945,22.41818069003161
deepdecarbonization_dgsolar_nuclear_instaterps_noflexibleload,2030,DD + High Solar + Nuclear + 80% Instate,No Flexible Load,212255722.21560663,615236.7648302496,-2,212870956.9804369,4370.225083333334,7839489.807756768,0.20477639269406395,27.15367481820209
deepdecarbonization_dgsolar_nuclear_instaterps_noflexibleload,2040,DD + High Solar + Nuclear + 80% Instate,No Flexible Load,448654287.614923,2152392.697906193,-38,450806642.3128292,10473.906,18764823.185694236,0.20451807600619604,24.024028249651256
deepdecarbonization_dgsolar_nuclear_instaterps_noflexibleload,2050,DD + High Solar + Nuclear + 80% Instate,No Flexible Load,682121303.3329691,8606338.693436157,-14,690727628.0264052,15730.893916666668,27918570.264222734,0.20259823865754945,24.74079515853873
deepdecarbonization_dgsolar_nuclear_instaterps_nointertrans,2030,DD + High Solar + Nuclear + 80% Instate,No Interregional Transmission Upgrade,215119143.20059806,1598951.1710025994,-2,216718092.37160066,4370.225083333334,7839489.807756768,0.20477639269406395,27.644412798033027
deepdecarbonization_dgsolar_nuclear_instaterps_nointertrans,2040,DD + High Solar + Nuclear + 80% Instate,No Interregional Transmission Upgrade,419562696.7129433,2061803.507851577,-17,421624483.2207949,10473.906,18764823.185694236,0.20451807600619604,22.468875888062154
deepdecarbonization_dgsolar_nuclear_instaterps_nointertrans,2050,DD + High Solar + Nuclear + 80% Instate,No Interregional Transmission Upgrade,613085147.511158,2349203.8630127776,238,615434589.3741708,15730.893916666668,27918570.264222734,0.20259823865754945,22.04391498381426
deepdecarbonization_dgsolar_nuclear_lowngcost,2030,DD + High Solar + Nuclear,Low NatGas Price,216830538.95077956,1140383.089405706,-2,217970920.04018527,4370.225083333334,7839489.807756768,0.20477639269406395,27.804222645268876
deepdecarbonization_dgsolar_nuclear_lowngcost,2040,DD + High Solar + Nuclear,Low NatGas Price,418190832.47076154,935896.8635562888,-1,419126728.3343178,10473.906,18764823.185694236,0.20451807600619604,22.335767525582018
deepdecarbonization_dgsolar_nuclear_lowngcost,2050,DD + High Solar + Nuclear,Low NatGas Price,595607850.919031,2267117.214409991,-2,597874966.133441,15730.893916666668,27918570.264222734,0.20259823865754945,21.414956442078612
deepdecarbonization_dgsolar_nuclear_lowrecost,2030,DD + High Solar + Nuclear,Low RE/BESS Cost,196196214.0737728,1461982.4572931412,-1,197658195.53106594,4370.225083333334,7839489.807756768,0.20477639269406395,25.21314529109961
deepdecarbonization_dgsolar_nuclear_lowrecost,2040,DD + High Solar + Nuclear,Low RE/BESS Cost,363542027.2646369,3643091.423820504,0,367185118.68845737,10473.906,18764823.185694236,0.20451807600619604,19.567736666359252
deepdecarbonization_dgsolar_nuclear_lowrecost,2050,DD + High Solar + Nuclear,Low RE/BESS Cost,565177393.8799149,8517197.921874968,-17,573694574.8017899,15730.893916666668,27918570.264222734,0.20259823865754945,20.54885222890413
deepdecarbonization_dgsolar_nuclear_mid,2030,DD + High Solar + Nuclear,Mid,214416129.25332475,1128010.4769967697,0,215544139.73032153,4370.225083333334,7839489.807756768,0.20477639269406395,27.494664195755675
deepdecarbonization_dgsolar_nuclear_mid,2040,DD + High Solar + Nuclear,Mid,418065429.23822415,1639996.9828639845,-3,419705423.2210881,10473.906,18764823.185694236,0.20451807600619604,22.366606872217133
deepdecarbonization_dgsolar_nuclear_mid,2050,DD + High Solar + Nuclear,Mid,623414417.4859107,2465372.1413988527,-9,625879780.6273096,15730.893916666668,27918570.264222734,0.20259823865754945,22.418045576974475
deepdecarbonization_dgsolar_nuclear_noflexibleload,2030,DD + High Solar + Nuclear,No Flexible Load,212254173.16349202,615299.5439876168,0,212869472.70747963,4370.225083333334,7839489.807756768,0.20477639269406395,27.15348548535089
deepdecarbonization_dgsolar_nuclear_noflexibleload,2040,DD + High Solar + Nuclear,No Flexible Load,448651462.02919686,2152380.3051806134,-3,450803839.33437747,10473.906,18764823.185694236,0.20451807600619604,24.023878875557827
deepdecarbonization_dgsolar_nuclear_noflexibleload,2050,DD + High Solar + Nuclear,No Flexible Load,682131986.8538233,8606118.152595803,-4,690738101.0064191,15730.893916666668,27918570.264222734,0.20259823865754945,24.741170284482315
deepdecarbonization_dgsolar_nuclear_nointertrans,2030,DD + High Solar + Nuclear,No Interregional Transmission Upgrade,215119302.36506945,1598837.4752268316,-3,216718136.84029627,4370.225083333334,7839489.807756768,0.20477639269406395,27.644418470429663
deepdecarbonization_dgsolar_nuclear_nointertrans,2040,DD + High Solar + Nuclear,No Interregional Transmission Upgrade,419562470.7435361,2061936.3337379065,-8,421624399.077274,10473.906,18764823.185694236,0.20451807600619604,22.46887140395271
deepdecarbonization_dgsolar_nuclear_nointertrans,2050,DD + High Solar + Nuclear,No Interregional Transmission Upgrade,613077014.9507333,2349789.5619474407,-1,615426803.5126808,15730.893916666668,27918570.264222734,0.20259823865754945,22.043636106299534
deepdecarbonization_doublezcfcost,2030,Deep Decarbonization (DD),Doubled ZCF Fuel Price,98648009.08717632,1185489.9288369832,0,99833499.01601331,1960.4601499999999,3516754.1880281805,0.20477639269406397,28.387966197884662
deepdecarbonization_doublezcfcost,2040,Deep Decarbonization (DD),Doubled ZCF Fuel Price,84464025.12402435,529074.1618507138,0,84993099.28587507,1960.4601499999999,3516754.1880281805,0.20477639269406397,24.168052340766558
deepdecarbonization_doublezcfcost,2050,Deep Decarbonization (DD),Doubled ZCF Fuel Price,79317730.92680055,871249.9804399803,-2,80188978.90724052,1960.4601499999999,3516754.1880281805,0.20477639269406397,22.801985757270664
deepdecarbonization_highngcost,2030,Deep Decarbonization (DD),High NatGas Price,101231679.66478735,701603.963315506,0,101933283.62810285,1960.4601499999999,3516754.1880281805,0.20477639269406397,28.985046488351845
deepdecarbonization_highngcost,2040,Deep Decarbonization (DD),High NatGas Price,84201735.60582614,552736.8515581208,0,84754472.45738426,1960.4601499999999,3516754.1880281805,0.20477639269406397,24.1001980593092
deepdecarbonization_highngcost,2050,Deep Decarbonization (DD),High NatGas Price,80740712.25656281,446219.1106301823,0,81186931.367193,1960.4601499999999,3516754.1880281805,0.20477639269406397,23.085756645594255
deepdecarbonization_highrecost,2030,Deep Decarbonization (DD),High RE/BESS Cost,112244110.00019869,1315383.650801416,0,113559493.65100011,1960.4601499999999,3516754.1880281805,0.20477639269406397,32.290995497377125
deepdecarbonization_highrecost,2040,Deep Decarbonization (DD),High RE/BESS Cost,114520583.0756743,149522.69982593786,-2,114670103.77550024,1960.4601499999999,3516754.1880281805,0.20477639269406397,32.60680094328542
deepdecarbonization_highrecost,2050,Deep Decarbonization (DD),High RE/BESS Cost,93805193.21428815,78669.87422344049,0,93883863.08851159,1960.4601499999999,3516754.1880281805,0.20477639269406397,26.696168702411246
deepdecarbonization_instaterps_doublezcfcost,2030,DD + 80% Instate,Doubled ZCF Fuel Price,98648001.57699245,1185603.084244289,0,99833604.66123675,1960.4601499999999,3516754.1880281805,0.20477639269406397,28.38799623843279
deepdecarbonization_instaterps_doublezcfcost,2040,DD + 80% Instate,Doubled ZCF Fuel Price,79278407.27232355,529950.607517925,8478482,88286839.87984148,1960.4601499999999,3516754.1880281805,0.20477639269406397,25.10463773111856
deepdecarbonization_instaterps_doublezcfcost,2050,DD + 80% Instate,Doubled ZCF Fuel Price,76479796.82224396,1197580.8754711975,5724824,83402201.69771516,1960.4601499999999,3516754.1880281805,0.20477639269406397,23.715675659571247
deepdecarbonization_instaterps_highngcost,2030,DD + 80% Instate,High NatGas Price,101231803.39457852,701591.5112568173,0,101933394.90583533,1960.4601499999999,3516754.1880281805,0.20477639269406397,28.985078130521448
deepdecarbonization_instaterps_highngcost,2040,DD + 80% Instate,High NatGas Price,79068725.66350263,554178.3590859985,8145056,87767960.02258863,1960.4601499999999,3516754.1880281805,0.20477639269406397,24.957092628586448
deepdecarbonization_instaterps_highngcost,2050,DD + 80% Instate,High NatGas Price,79724768.49670365,456131.43946145684,7927993,88108892.93616511,1960.4601499999999,3516754.1880281805,0.20477639269406397,25.054037963787042
deepdecarbonization_instaterps_highrecost,2030,DD + 80% Instate,High RE/BESS Cost,112244180.9215982,1315446.5956875442,0,113559627.51728573,1960.4601499999999,3516754.1880281805,0.20477639269406397,32.291033562672126
deepdecarbonization_instaterps_highrecost,2040,DD + 80% Instate,High RE/BESS Cost,106947613.60881843,140190.68053019236,15763310,122851114.28934862,1960.4601499999999,3516754.1880281805,0.20477639269406397,34.933096748007394
deepdecarbonization_instaterps_highrecost,2050,DD + 80% Instate,High RE/BESS Cost,81206737.20332155,60958.42400301852,117322702,198590397.62732455,1960.4601499999999,3516754.1880281805,0.20477639269406397,56.46979771954798
deepdecarbonization_instaterps_lowngcost,2030,DD + 80% Instate,Low NatGas Price,99570325.65197551,1311657.0811104781,0,100881982.73308599,1960.4601499999999,3516754.1880281805,0.20477639269406397,28.686105806459512
deepdecarbonization_instaterps_lowngcost,2040,DD + 80% Instate,Low NatGas Price,80149980.31429406,208413.81860078144,8288498,88646892.13289484,1960.4601499999999,3516754.1880281805,0.20477639269406397,25.207019710012357
deepdecarbonization_instaterps_lowngcost,2050,DD + 80% Instate,Low NatGas Price,74007161.31630513,373515.99175953807,22073928,96454605.30806467,1960.4601499999999,3516754.1880281805,0.20477639269406397,27.427167254514906
deepdecarbonization_instaterps_lowrecost,2030,DD + 80% Instate,Low RE/BESS Cost,90372585.86042826,1415469.586214168,0,91788055.44664243,1960.4601499999999,3516754.1880281805,0.20477639269406397,26.100219275805383
deepdecarbonization_instaterps_lowrecost,2040,DD + 80% Instate,Low RE/BESS Cost,69712931.34959748,719440.6469461259,5408304,75840675.99654362,1960.4601499999999,3516754.1880281805,0.20477639269406397,21.565532289610196
deepdecarbonization_instaterps_lowrecost,2050,DD + 80% Instate,Low RE/BESS Cost,74500663.94215998,1118542.3320114452,-2,75619204.27417143,1960.4601499999999,3516754.1880281805,0.20477639269406397,21.502556115976528
deepdecarbonization_instaterps_mid,2030,DD + 80% Instate,Mid,98648001.57699245,1185603.084244289,0,99833604.66123675,1960.4601499999999,3516754.1880281805,0.20477639269406397,28.38799623843279
deepdecarbonization_instaterps_mid,2040,DD + 80% Instate,Mid,79917921.82473162,374903.1294539836,8088329,88381153.9541856,1960.4601499999999,3516754.1880281805,0.20477639269406397,25.131456231730628
deepdecarbonization_instaterps_mid,2050,DD + 80% Instate,Mid,78543769.22395998,323585.8312827452,15862051,94729406.05524273,1960.4601499999999,3516754.1880281805,0.20477639269406397,26.936601476930875
deepdecarbonization_instaterps_noflexibleload,2030,DD + 80% Instate,No Flexible Load,97981088.44073606,1735329.5676869426,-4,99716414.008423,1960.4601499999999,3516754.1880281805,0.20477639269406397,28.354672711524742
deepdecarbonization_instaterps_noflexibleload,2040,DD + 80% Instate,No Flexible Load,86092466.77848454,483883.49063658377,4609187,91185537.26912113,1960.4601499999999,3516754.1880281805,0.20477639269406397,25.928891356563142
deepdecarbonization_instaterps_noflexibleload,2050,DD + 80% Instate,No Flexible Load,86660431.87582919,1118286.3249306655,17867162,105645880.20075986,1960.4601499999999,3516754.1880281805,0.20477639269406397,30.040734880021503
deepdecarbonization_instaterps_nointertrans,2030,DD + 80% Instate,No Interregional Transmission Upgrade,99615400.57553127,1297324.7592071863,-1,100912724.33473846,1960.4601499999999,3516754.1880281805,0.20477639269406397,28.69484727657907
deepdecarbonization_instaterps_nointertrans,2040,DD + 80% Instate,No Interregional Transmission Upgrade,81711624.81479885,413856.6955080802,5233097,87358578.51030692,1960.4601499999999,3516754.1880281805,0.20477639269406397,24.840683721283423
deepdecarbonization_instaterps_nointertrans,2050,DD + 80% Instate,No Interregional Transmission Upgrade,77364550.87440582,394806.5952620106,19011840,96771197.46966782,1960.4601499999999,3516754.1880281805,0.20477639269406397,27.517191221126193
deepdecarbonization_lowngcost,2030,Deep Decarbonization (DD),Low NatGas Price,99570311.58016837,1311832.5156316452,0,100882144.09580001,1960.4601499999999,3516754.1880281805,0.20477639269406397,28.686151690449517
deepdecarbonization_lowngcost,2040,Deep Decarbonization (DD),Low NatGas Price,85219579.13010597,216820.06862030987,-1,85436398.19872628,1960.4601499999999,3516754.1880281805,0.20477639269406397,24.294105766496543
deepdecarbonization_lowngcost,2050,Deep Decarbonization (DD),Low NatGas Price,78060596.13507631,412305.5872792408,0,78472901.72235556,1960.4601499999999,3516754.1880281805,0.20477639269406397,22.314013868098858
deepdecarbonization_lowrecost,2030,Deep Decarbonization (DD),Low RE/BESS Cost,90372503.53096063,1415470.0684873648,0,91787973.599448,1960.4601499999999,3516754.1880281805,0.20477639269406397,26.10019600230088
deepdecarbonization_lowrecost,2040,Deep Decarbonization (DD),Low RE/BESS Cost,73562241.99421087,729816.7006687293,0,74292058.69487959,1960.4601499999999,3516754.1880281805,0.20477639269406397,21.125178139486238
deepdecarbonization_lowrecost,2050,Deep Decarbonization (DD),Low RE/BESS Cost,74558086.82310867,1121399.7324790643,-2,75679484.55558774,1960.4601499999999,3516754.1880281805,0.20477639269406397,21.519697001632263
deepdecarbonization_mid,2030,Deep Decarbonization (DD),Mid,98648009.08717632,1185489.9288369832,0,99833499.01601331,1960.4601499999999,3516754.1880281805,0.20477639269406397,28.387966197884662
deepdecarbonization_mid,2040,Deep Decarbonization (DD),Mid,84815016.77817924,359102.7632342238,-1,85174118.54141347,1960.4601499999999,3516754.1880281805,0.20477639269406397,24.21952572953926
deepdecarbonization_mid,2050,Deep Decarbonization (DD),Mid,81122964.70690927,376510.09903433715,-1,81499473.80594361,1960.4601499999999,3516754.1880281805,0.20477639269406397,23.17462906090681
deepdecarbonization_noflexibleload,2030,Deep Decarbonization (DD),No Flexible Load,97981792.01136208,1735492.881859278,0,99717284.89322135,1960.4601499999999,3516754.1880281805,0.20477639269406397,28.354920350327962
deepdecarbonization_noflexibleload,2040,Deep Decarbonization (DD),No Flexible Load,89248464.41311142,451030.54407524585,-3,89699491.95718667,1960.4601499999999,3516754.1880281805,0.20477639269406397,25.506329746487214
deepdecarbonization_noflexibleload,2050,Deep Decarbonization (DD),No Flexible Load,89355918.89453429,1294796.8462193208,-4,90650711.7407536,1960.4601499999999,3516754.1880281805,0.20477639269406397,25.776812052815334
deepdecarbonization_nointertrans,2030,Deep Decarbonization (DD),No Interregional Transmission Upgrade,99615581.80161387,1296843.0835585399,-1,100912423.88517241,1960.4601499999999,3516754.1880281805,0.20477639269406397,28.694761842809747
deepdecarbonization_nointertrans,2040,Deep Decarbonization (DD),No Interregional Transmission Upgrade,85463115.952586025,411942.5673048971,0,85875058.51989092,1960.4601499999999,3516754.1880281805,0.20477639269406397,24.418840194241856
deepdecarbonization_nointertrans,2050,Deep Decarbonization (DD),No Interregional Transmission Upgrade,80755006.47540554,393790.0292344064,0,81148796.50463995,1960.4601499999999,3516754.1880281805,0.20477639269406397,23.074912878724547
deepdecarbonization_nuclear_doublezcfcost,2030,DD + Nuclear,Doubled ZCF Fuel Price,98648009.08717632,1185489.9288369832,0,99833499.01601331,1960.4601499999999,3516754.1880281805,0.20477639269406397,28.387966197884662
deepdecarbonization_nuclear_doublezcfcost,2040,DD + Nuclear,Doubled ZCF Fuel Price,84464164.02892566,529072.6538647665,0,84993236.68279043,1960.4601499999999,3516754.1880281805,0.20477639269406397,24.16809141000712
deepdecarbonization_nuclear_doublezcfcost,2050,DD + Nuclear,Doubled ZCF Fuel Price,79317462.90500689,871245.5035331817,-1,80188707.40854007,1960.4601499999999,3516754.1880281805,0.20477639269406397,22.80190855577009
deepdecarbonization_nuclear_highngcost,2030,DD + Nuclear,High NatGas Price,101231679.66478735,701603.963315506,0,101933283.62810285,1960.4601499999999,3516754.1880281805,0.20477639269406397,28.985046488351845
deepdecarbonization_nuclear_highngcost,2040,DD + Nuclear,High NatGas Price,84200709.15767725,552831.4900272179,0,84753540.64770447,1960.4601499999999,3516754.1880281805,0.20477639269406397,24.0999330963263
deepdecarbonization_nuclear_highngcost,2050,DD + Nuclear,High NatGas Price,80740926.50569984,445876.25202802126,-2,81186800.75772786,1960.4601499999999,3516754.1880281805,0.20477639269406397,23.085719506386294
deepdecarbonization_nuclear_highrecost,2030,DD + Nuclear,High RE/BESS Cost,112243800.29741874,1315374.8757817848,0,113559175.17320053,1960.4601499999999,3516754.1880281805,0.20477639269406397,32.29090493722348
deepdecarbonization_nuclear_highrecost,2040,DD + Nuclear,High RE/BESS Cost,114520408.64258702,149520.30492781865,-2,114669926.94751485,1960.4601499999999,3516754.1880281805,0.20477639269406397,32.60675066169736
deepdecarbonization_nuclear_highrecost,2050,DD + Nuclear,High RE/BESS Cost,93804456.4679868,78703.40514966202,0,93883159.87313648,1960.4601499999999,3516754.1880281805,0.20477639269406397,26.69596874093043
deepdecarbonization_nuclear_instaterps_doublezcfcost,2030,DD + Nuclear + 80% Instate,Doubled ZCF Fuel Price,98648001.57699245,1185603.084244289,0,99833604.66123675,1960.4601499999999,3516754.1880281805,0.20477639269406397,28.38799623843279
deepdecarbonization_nuclear_instaterps_doublezcfcost,2040,DD + Nuclear + 80% Instate,Doubled ZCF Fuel Price,79278626.71467188,529944.9802131103,8478439,88287010.69488499,1960.4601499999999,3516754.1880281805,0.20477639269406397,25.10468630290788
deepdecarbonization_nuclear_instaterps_doublezcfcost,2050,DD + Nuclear + 80% Instate,Doubled ZCF Fuel Price,76479465.42318808,1197854.7619485455,5725932,83403252.18513662,1960.4601499999999,3516754.1880281805,0.20477639269406397,23.7159743689394
deepdecarbonization_nuclear_instaterps_highngcost,2030,DD + Nuclear + 80% Instate,High NatGas Price,101231803.39457852,701591.5112568173,0,101933394.90583533,1960.4601499999999,3516754.1880281805,0.20477639269406397,28.985078130521448
deepdecarbonization_nuclear_instaterps_highngcost,2040,DD + Nuclear + 80% Instate,High NatGas Price,79068539.8052513,554187.4799308004,8145031,87767758.2851821,1960.4601499999999,3516754.1880281805,0.20477639269406397,24.957035263926954
deepdecarbonization_nuclear_instaterps_highngcost,2050,DD + Nuclear + 80% Instate,High NatGas Price,79723998.59504539,456114.8641629807,7929406,88109519.45920837,1960.4601499999999,3516754.1880281805,0.20477639269406397,25.05421611756458
deepdecarbonization_nuclear_instaterps_highrecost,2030,DD + Nuclear + 80% Instate,High RE/BESS Cost,112244207.52009031,1315355.0790551896,0,113559562.5991455,1960.4601499999999,3516754.1880281805,0.20477639269406397,32.29101510299688
deepdecarbonization_nuclear_instaterps_highrecost,2040,DD + Nuclear + 80% Instate,High RE/BESS Cost,106946988.98550001,140276.54162710585,15763287,122850552.52712712,1960.4601499999999,3516754.1880281805,0.20477639269406397,34.932937009171106
deepdecarbonization_nuclear_instaterps_highrecost,2050,DD + Nuclear + 80% Instate,High RE/BESS Cost,81207337.24405144,60979.01824480224,117320489,198588805.26229626,1960.4601499999999,3516754.1880281805,0.20477639269406397,56.469344925595614
deepdecarbonization_nuclear_instaterps_lowngcost,2030,DD + Nuclear + 80% Instate,Low NatGas Price,99570325.65197551,1311657.0811104781,0,100881982.73308599,1960.4601499999999,3516754.1880281805,0.20477639269406397,28.686105806459512
deepdecarbonization_nuclear_instaterps_lowngcost,2040,DD + Nuclear + 80% Instate,Low NatGas Price,80150006.70136374,208413.79978036397,8288449,88646869.50114411,1960.4601499999999,3516754.1880281805,0.20477639269406397,25.20701327460359
deepdecarbonization_nuclear_instaterps_lowngcost,2050,DD + Nuclear + 80% Instate,Low NatGas Price,74006794.9183282,373543.52838280494,22074478,96454816.446711,1960.4601499999999,3516754.1880281805,0.20477639269406397,27.427227292446204
deepdecarbonization_nuclear_instaterps_lowrecost,2030,DD + Nuclear + 80% Instate,Low RE/BESS Cost,90372585.86042826,1415469.586214168,0,91788055.44664243,1960.4601499999999,3516754.1880281805,0.20477639269406397,26.100219275805383
deepdecarbonization_nuclear_instaterps_lowrecost,2040,DD + Nuclear + 80% Instate,Low RE/BESS Cost,69712935.28508663,719437.680377827,5408296,75840668.96546446,1960.4601499999999,3516754.1880281805,0.20477639269406397,21.565530290300952
deepdecarbonization_nuclear_instaterps_lowrecost,2050,DD + Nuclear + 80% Instate,Low RE/BESS Cost,74501856.54052451,1118432.9571554926,-3,75620286.49768001,1960.4601499999999,3516754.1880281805,0.20477639269406397,21.50286384959984
deepdecarbonization_nuclear_instaterps_mid,2030,DD + Nuclear + 80% Instate,Mid,98648001.57699245,1185603.084244289,0,99833604.66123675,1960.4601499999999,3516754.1880281805,0.20477639269406397,28.38799623843279
deepdecarbonization_nuclear_instaterps_mid,2040,DD + Nuclear + 80% Instate,Mid,79917840.55966935,375061.13391604903,8087841,88380742.6935854,1960.4601499999999,3516754.1880281805,0.20477639269406397,25.131339288498825
deepdecarbonization_nuclear_instaterps_mid,2050,DD + Nuclear + 80% Instate,Mid,78542644.52972902,323535.5054865107,15864386,94730566.03521553,1960.4601499999999,3516754.1880281805,0.20477639269406397,26.93693132084682
deepdecarbonization_nuclear_instaterps_noflexibleload,2030,DD + Nuclear + 80% Instate,No Flexible Load,97981088.44073606,1735329.5676869426,-4,99716414.008423,1960.4601499999999,3516754.1880281805,0.20477639269406397,28.354672711524742
deepdecarbonization_nuclear_instaterps_noflexibleload,2040,DD + Nuclear + 80% Instate,No Flexible Load,86092140.23020789,483972.44298706175,4609180,91185292.67319494,1960.4601499999999,3516754.1880281805,0.20477639269406397,25.92882180495018
deepdecarbonization_nuclear_instaterps_noflexibleload,2050,DD + Nuclear + 80% Instate,No Flexible Load,86660337.40949418,1118292.2368942937,17865449,105644078.64638847,1960.4601499999999,3516754.1880281805,0.20477639269406397,30.040222602428283
deepdecarbonization_nuclear_instaterps_nointertrans,2030,DD + Nuclear + 80% Instate,No Interregional Transmission Upgrade,99615400.57553127,1297324.7592071863,-1,100912724.33473846,1960.4601499999999,3516754.1880281805,0.20477639269406397,28.69484727657907
deepdecarbonization_nuclear_instaterps_nointertrans,2040,DD + Nuclear + 80% Instate,No Interregional Transmission Upgrade,81711802.30409026,413855.5780457947,5232927,87358584.88213606,1960.4601499999999,3516754.1880281805,0.20477639269406397,24.84068553313287
deepdecarbonization_nuclear_instaterps_nointertrans,2050,DD + Nuclear + 80% Instate,No Interregional Transmission Upgrade,77364623.27712768,394813.34943931934,19013434,96772870.626567,1960.4601499999999,3516754.1880281805,0.20477639269406397,27.517666988498526
deepdecarbonization_nuclear_lowngcost,2030,DD + Nuclear,Low NatGas Price,99570311.58016837,1311832.5156316452,0,100882144.09580001,1960.4601499999999,3516754.1880281805,0.20477639269406397,28.686151690449517
deepdecarbonization_nuclear_lowngcost,2040,DD + Nuclear,Low NatGas Price,85219540.65955263,216822.20944279362,-1,85436361.86899543,1960.4601499999999,3516754.1880281805,0.20477639269406397,24.294095436024488
deepdecarbonization_nuclear_lowngcost,2050,DD + Nuclear,Low NatGas Price,78061098.26210935,412276.8085084228,0,78473375.07061778,1960.4601499999999,3516754.1880281805,0.20477639269406397,22.314148466150616
deepdecarbonization_nuclear_lowrecost,2030,DD + Nuclear,Low RE/BESS Cost,90372503.53096063,1415470.0684873648,0,91787973.599448,1960.4601499999999,3516754.1880281805,0.20477639269406397,26.10019600230088
deepdecarbonization_nuclear_lowrecost,2040,DD + Nuclear,Low RE/BESS Cost,73562306.21140265,729808.8172663741,0,74292115.02866903,1960.4601499999999,3516754.1880281805,0.20477639269406397,21.125194158174615
deepdecarbonization_nuclear_lowrecost,2050,DD + Nuclear,Low RE/BESS Cost,74558107.96524838,1121016.1911920547,0,75679124.15644044,1960.4601499999999,3516754.1880281805,0.20477639269406397,21.51959452101291
deepdecarbonization_nuclear_mid,2030,DD + Nuclear,Mid,98648009.08717632,1185489.9288369832,0,99833499.01601331,1960.4601499999999,3516754.1880281805,0.20477639269406397,28.387966197884662
deepdecarbonization_nuclear_mid,2040,DD + Nuclear,Mid,84815019.19080465,359102.57973515376,0,85174121.7705398,1960.4601499999999,3516754.1880281805,0.20477639269406397,24.219526647751387
deepdecarbonization_nuclear_mid,2050,DD + Nuclear,Mid,81123320.01585436,376522.8616299137,0,81499842.87748428,1960.4601499999999,3516754.1880281805,0.20477639269406397,23.174734007548214
deepdecarbonization_nuclear_noflexibleload,2030,DD + Nuclear,No Flexible Load,97981792.01136208,1735492.881859278,0,99717284.89322135,1960.4601499999999,3516754.1880281805,0.20477639269406397,28.354920350327962
deepdecarbonization_nuclear_noflexibleload,2040,DD + Nuclear,No Flexible Load,89248555.56699052,451047.8847373646,-1,89699602.45172788,1960.4601499999999,3516754.1880281805,0.20477639269406397,25.506361165953944
deepdecarbonization_nuclear_noflexibleload,2050,DD + Nuclear,No Flexible Load,89355786.00031856,1294803.6427425689,-3,90650586.64306113,1960.4601499999999,3516754.1880281805,0.20477639269406397,25.776776480897087
deepdecarbonization_nuclear_nointertrans,2030,DD + Nuclear,No Interregional Transmission Upgrade,99615581.80161387,1296843.0835585399,-1,100912423.88517241,1960.4601499999999,3516754.1880281805,0.20477639269406397,28.694761842809747
deepdecarbonization_nuclear_nointertrans,2040,DD + Nuclear,No Interregional Transmission Upgrade,85463147.39869228,411946.7172069427,0,85875094.11589922,1960.4601499999999,3516754.1880281805,0.20477639269406397,24.418850316077616
deepdecarbonization_nuclear_nointertrans,2050,DD + Nuclear,No Interregional Transmission Upgrade,80754938.24807121,393773.19201845414,0,81148711.44008966,1960.4601499999999,3516754.1880281805,0.20477639269406397,23.07488869035489
statedpolicy_dgsolar_doublezcfcost,2030,SP + High Solar,Doubled ZCF Fuel Price,177002317.8155023,5186516.343120277,20409741,202598575.15862256,4370.225083333334,7839489.807756768,0.20477639269406395,25.843336763849326
statedpolicy_dgsolar_doublezcfcost,2040,SP + High Solar,Doubled ZCF Fuel Price,371542500.2195341,10851525.893253462,3598838,385992864.11278754,10473.906,18764823.185694236,0.20451807600619604,20.570024044087848
statedpolicy_dgsolar_doublezcfcost,2050,SP + High Solar,Doubled ZCF Fuel Price,555999385.4178207,5791576.608694323,9952811,571743773.026515,15730.893916666668,27918570.264222734,0.20259823865754945,20.478977526983066
statedpolicy_dgsolar_highngcost,2030,SP + High Solar,High NatGas Price,200993192.94936618,2752076.5833707512,779764,204525033.53273693,4370.225083333334,7839489.807756768,0.20477639269406395,26.089074486756783
statedpolicy_dgsolar_highngcost,2040,SP + High Solar,High NatGas Price,366246626.30785847,6212911.439582691,0,372459537.7474412,10473.906,18764823.185694236,0.20451807600619604,19.848816802675426
statedpolicy_dgsolar_highngcost,2050,SP + High Solar,High NatGas Price,524303443.3018036,3587380.868303571,0,527890824.1701072,15730.893916666668,27918570.264222734,0.20259823865754945,18.908232734488987
statedpolicy_dgsolar_highrecost,2030,SP + High Solar,High RE/BESS Cost,177810259.35543895,26042661.603845328,40840721,244693641.95928428,4370.225083333334,7839489.807756768,0.20477639269406395,31.212954919231176
statedpolicy_dgsolar_highrecost,2040,SP + High Solar,High RE/BESS Cost,398673363.0104558,14318415.609211072,96013761,509005539.6196669,10473.906,18764823.185694236,0.20451807600619604,27.125517495295032
statedpolicy_dgsolar_highrecost,2050,SP + High Solar,High RE/BESS Cost,593192205.7885976,9855717.466929566,57655924,660703847.2555271,15730.893916666668,27918570.264222734,0.20259823865754945,23.665389774712427
statedpolicy_dgsolar_instaterps_doublezcfcost,2030,SP + High Solar + 80% Instate,Doubled ZCF Fuel Price,177001982.5280104,5186824.438744383,20409269,202598075.9667548,4370.225083333334,7839489.807756768,0.20477639269406395,25.843273087273424
statedpolicy_dgsolar_instaterps_doublezcfcost,2040,SP + High Solar + 80% Instate,Doubled ZCF Fuel Price,362335552.02392167,10490390.595763156,114599650,487425592.6196848,10473.906,18764823.185694236,0.20451807600619604,25.975496160884912
statedpolicy_dgsolar_instaterps_doublezcfcost,2050,SP + High Solar + 80% Instate,Doubled ZCF Fuel Price,408422056.614298,6354467.565669393,607940200,1022716724.1799674,15730.893916666668,27918570.264222734,0.20259823865754945,36.63213103324868
statedpolicy_dgsolar_instaterps_highngcost,2030,SP + High Solar + 80% Instate,High NatGas Price,200993023.94803047,2752051.972011172,779813,204524888.92004165,4370.225083333334,7839489.807756768,0.20477639269406395,26.089056040059507
statedpolicy_dgsolar_instaterps_highngcost,2040,SP + High Solar + 80% Instate,High NatGas Price,360785305.3952528,6310084.573034093,10310947,377406336.96828693,10473.906,18764823.185694236,0.20451807600619604,20.112437683719328
statedpolicy_dgsolar_instaterps_highngcost,2050,SP + High Solar + 80% Instate,High NatGas Price,395296773.31406045,3752988.256722165,627145096,1026194857.5707827,15730.893916666668,27918570.264222734,0.20259823865754945,36.75671239102947
statedpolicy_dgsolar_instaterps_highrecost,2030,SP + High Solar + 80% Instate,High RE/BESS Cost,177810376.00868636,26042725.2063531,40839723,244692824.21503946,4370.225083333334,7839489.807756768,0.20477639269406395,31.21285060833023
statedpolicy_dgsolar_instaterps_highrecost,2040,SP + High Solar + 80% Instate,High RE/BESS Cost,392860814.61393005,14634861.091764763,197618311,605113986.7056948,10473.906,18764823.185694236,0.20451807600619604,32.247252250531005
statedpolicy_dgsolar_instaterps_highrecost,2050,SP + High Solar + 80% Instate,High RE/BESS Cost,396473816.3522599,10224740.811767347,797141895,1203840452.1640272,15730.893916666668,27918570.264222734,0.20259823865754945,43.11970279175551
statedpolicy_dgsolar_instaterps_lowngcost,2030,SP + High Solar + 80% Instate,Low NatGas Price,149035749.551169,20815889.488262556,34662451,204514090.03943157,4370.225083333334,7839489.807756768,0.20477639269406395,26.087678542177006
statedpolicy_dgsolar_instaterps_lowngcost,2040,SP + High Solar + 80% Instate,Low NatGas Price,274589644.2509819,9155734.811135907,252010762,535756141.0621178,10473.906,18764823.185694236,0.20451807600619604,28.551089224787525
statedpolicy_dgsolar_instaterps_lowngcost,2050,SP + High Solar + 80% Instate,Low NatGas Price,214366560.01015368,10318430.743909078,1001569264,1226254254.754063,15730.893916666668,27918570.264222734,0.20259823865754945,43.92253052891791
statedpolicy_dgsolar_instaterps_lowrecost,2030,SP + High Solar + 80% Instate,Low RE/BESS Cost,175659895.79686463,2410744.29096611,11125899,189196539.08783075,4370.225083333334,7839489.807756768,0.20477639269406395,24.133782137280235
statedpolicy_dgsolar_instaterps_lowrecost,2040,SP + High Solar + 80% Instate,Low RE/BESS Cost,291522566.51084167,4223109.793033137,139865799,435611475.3038748,10473.906,18764823.185694236,0.20451807600619604,23.21425952129261
statedpolicy_dgsolar_instaterps_lowrecost,2050,SP + High Solar + 80% Instate,Low RE/BESS Cost,360424934.5135978,3843928.346806614,767153260,1131422122.8604043,15730.893916666668,27918570.264222734,0.20259823865754945,40.5257902590487
statedpolicy_dgsolar_instaterps_mid,2030,SP + High Solar + 80% Instate,Mid,177001982.5280104,5186824.438744383,20409269,202598075.9667548,4370.225083333334,7839489.807756768,0.20477639269406395,25.843273087273424
statedpolicy_dgsolar_instaterps_mid,2040,SP + High Solar + 80% Instate,Mid,357054047.877721,8682977.857293129,116641968,482378993.73501414,10473.906,18764823.185694236,0.20451807600619604,25.70655683570555
statedpolicy_dgsolar_instaterps_mid,2050,SP + High Solar + 80% Instate,Mid,355358736.583324,4089082.6435898626,790311316,1149759135.226914,15730.893916666668,27918570.264222734,0.20259823865754945,41.1825936767369
statedpolicy_dgsolar_instaterps_noflexibleload,2030,SP + High Solar + 80% Instate,No Flexible Load,175118120.56219208,3679027.0099807014,21946509,200743656.5721728,4370.225083333334,7839489.807756768,0.20477639269406395,25.60672460770947
statedpolicy_dgsolar_instaterps_noflexibleload,2040,SP + High Solar + 80% Instate,No Flexible Load,340834909.02622473,15761794.886884097,129057228,485653931.9131088,10473.906,18764823.185694236,0.20451807600619604,25.881082230679237
statedpolicy_dgsolar_instaterps_noflexibleload,2050,SP + High Solar + 80% Instate,No Flexible Load,390026028.52514297,20581596.705502618,820120083,1230727708.2306454,15730.893916666668,27918570.264222734,0.20259823865754945,44.082762712523504
statedpolicy_dgsolar_instaterps_nointertrans,2030,SP + High Solar + 80% Instate,No Interregional Transmission Upgrade,173865971.6431652,7863915.962441307,20698230,202428117.6056065,4370.225083333334,7839489.807756768,0.20477639269406395,25.821593314059086
statedpolicy_dgsolar_instaterps_nointertrans,2040,SP + High Solar + 80% Instate,No Interregional Transmission Upgrade,371167030.0617573,17964199.434360124,126673191,515804420.4961175,10473.906,18764823.185694236,0.20451807600619604,27.4878380356577
statedpolicy_dgsolar_instaterps_nointertrans,2050,SP + High Solar + 80% Instate,No Interregional Transmission Upgrade,409000409.2342871,12816908.381661901,810030896,1231848213.615949,15730.893916666668,27918570.264222734,0.20259823865754945,44.12289748213022
statedpolicy_dgsolar_lowngcost,2030,SP + High Solar,Low NatGas Price,149036794.9513396,20816567.672027618,34662153,204515515.62336722,4370.225083333334,7839489.807756768,0.20477639269406395,26.087860388696438
statedpolicy_dgsolar_lowngcost,2040,SP + High Solar,Low NatGas Price,296260970.0456778,9223418.901049364,54891688,360376076.94672716,10473.906,18764823.185694236,0.20451807600619604,19.20487464126321
statedpolicy_dgsolar_lowngcost,2050,SP + High Solar,Low NatGas Price,428188457.57564217,10186799.084895926,82294140,520669396.6605381,15730.893916666668,27918570.264222734,0.20259823865754945,18.649572371826245
statedpolicy_dgsolar_lowrecost,2030,SP + High Solar,Low RE/BESS Cost,175659923.36879978,2410732.7221062696,11125958,189196614.09090605,4370.225083333334,7839489.807756768,0.20477639269406395,24.133791704621625
statedpolicy_dgsolar_lowrecost,2040,SP + High Solar,Low RE/BESS Cost,307368525.91696215,4661094.744753256,-2,312029618.6617154,10473.906,18764823.185694236,0.20451807600619604,16.62843372271143
statedpolicy_dgsolar_lowrecost,2050,SP + High Solar,Low RE/BESS Cost,448746907.42945915,3561607.3591257897,-6,452308508.78858495,15730.893916666668,27918570.264222734,0.20259823865754945,16.20099111479975
statedpolicy_dgsolar_mid,2030,SP + High Solar,Mid,177002317.8155023,5186516.343120277,20409741,202598575.15862256,4370.225083333334,7839489.807756768,0.20477639269406395,25.843336763849326
statedpolicy_dgsolar_mid,2040,SP + High Solar,Mid,368386788.9716251,8855874.528307285,4321946,381564609.49993235,10473.906,18764823.185694236,0.20451807600619604,20.334037028967387
statedpolicy_dgsolar_mid,2050,SP + High Solar,Mid,514596537.4147201,3401209.023410471,12487290,530485036.4381306,15730.893916666668,27918570.264222734,0.20259823865754945,19.001153404977185
statedpolicy_dgsolar_noflexibleload,2030,SP + High Solar,No Flexible Load,175116190.9120372,3678736.7553634765,21946725,200741652.66740066,4370.225083333334,7839489.807756768,0.20477639269406395,25.606468990976584
statedpolicy_dgsolar_noflexibleload,2040,SP + High Solar,No Flexible Load,351638063.3682587,15500443.13862713,7633098,374771604.5068858,10473.906,18764823.185694236,0.20451807600619604,19.972029621499495
statedpolicy_dgsolar_noflexibleload,2050,SP + High Solar,No Flexible Load,516094710.4504094,20355908.99352272,20752175,557202794.4439322,15730.893916666668,27918570.264222734,0.20259823865754945,19.95814216740103
statedpolicy_dgsolar_nointertrans,2030,SP + High Solar,No Interregional Transmission Upgrade,173866226.0320537,7863918.977896613,20698243,202428388.0099503,4370.225083333334,7839489.807756768,0.20477639269406395,25.821627806653687
statedpolicy_dgsolar_nointertrans,2040,SP + High Solar,No Interregional Transmission Upgrade,380219339.4621061,17989841.403845146,0,398209180.86595124,10473.906,18764823.185694236,0.20451807600619604,21.22104625902015
statedpolicy_dgsolar_nointertrans,2050,SP + High Solar,No Interregional Transmission Upgrade,552400015.6734049,11779342.898238765,0,564179358.5716437,15730.893916666668,27918570.264222734,0.20259823865754945,20.208031902501535
statedpolicy_dgsolar_nuclear_doublezcfcost,2030,SP + High Solar + Nuclear,Doubled ZCF Fuel Price,177002317.8155023,5186516.343120277,20409741,202598575.15862256,4370.225083333334,7839489.807756768,0.20477639269406395,25.843336763849326
statedpolicy_dgsolar_nuclear_doublezcfcost,2040,SP + High Solar + Nuclear,Doubled ZCF Fuel Price,343269947.3060314,10293803.419913404,5763247,359326997.7259448,10473.906,18764823.185694236,0.20451807600619604,19.148967947637548
statedpolicy_dgsolar_nuclear_doublezcfcost,2050,SP + High Solar + Nuclear,Doubled ZCF Fuel Price,514197863.3500912,7762937.588610228,13101340,535062140.93870145,15730.893916666668,27918570.264222734,0.20259823865754945,19.16509820792565
statedpolicy_dgsolar_nuclear_highngcost,2030,SP + High Solar + Nuclear,High NatGas Price,200993192.94936618,2752076.5833707512,779764,204525033.53273693,4370.225083333334,7839489.807756768,0.20477639269406395,26.089074486756783
statedpolicy_dgsolar_nuclear_highngcost,2040,SP + High Solar + Nuclear,High NatGas Price,346520942.2888841,6188765.169011845,0,352709707.45789593,10473.906,18764823.185694236,0.20451807600619604,18.796324589234164
statedpolicy_dgsolar_nuclear_highngcost,2050,SP + High Solar + Nuclear,High NatGas Price,485850973.8986833,3853977.386564805,0,489704951.2852481,15730.893916666668,27918570.264222734,0.20259823865754945,17.540473836971454
statedpolicy_dgsolar_nuclear_highrecost,2030,SP + High Solar + Nuclear,High RE/BESS Cost,177810346.70505458,26042643.631731693,40840653,244693643.33678627,4370.225083333334,7839489.807756768,0.20477639269406395,31.212955094944398
statedpolicy_dgsolar_nuclear_highrecost,2040,SP + High Solar + Nuclear,High RE/BESS Cost,367219975.1533663,14817832.621339444,98320006,480357813.77470577,10473.906,18764823.185694236,0.20451807600619604,25.598845724318725
statedpolicy_dgsolar_nuclear_highrecost,2050,SP + High Solar + Nuclear,High RE/BESS Cost,556546744.1569346,10402701.639716908,59128210,626077655.7966515,15730.893916666668,27918570.264222734,0.20259823865754945,22.42513315944984
statedpolicy_dgsolar_nuclear_instaterps_doublezcfcost,2030,SP + High Solar + Nuclear + 80% Instate,Doubled ZCF Fuel Price,177001982.5280104,5186824.438744383,20409269,202598075.9667548,4370.225083333334,7839489.807756768,0.20477639269406395,25.843273087273424
statedpolicy_dgsolar_nuclear_instaterps_doublezcfcost,2040,SP + High Solar + Nuclear + 80% Instate,Doubled ZCF Fuel Price,343269163.57337016,10294027.632724363,5763107,359326298.2060945,10473.906,18764823.185694236,0.20451807600619604,19.14893066938326
statedpolicy_dgsolar_nuclear_instaterps_doublezcfcost,2050,SP + High Solar + Nuclear + 80% Instate,Doubled ZCF Fuel Price,497569623.0585512,7954845.13765786,132450528,637974996.1962091,15730.893916666668,27918570.264222734,0.20259823865754945,22.851277488724605
statedpolicy_dgsolar_nuclear_instaterps_highngcost,2030,SP + High Solar + Nuclear + 80% Instate,High NatGas Price,200993023.94803047,2752051.972011172,779813,204524888.92004165,4370.225083333334,7839489.807756768,0.20477639269406395,26.089056040059507
statedpolicy_dgsolar_nuclear_instaterps_highngcost,2040,SP + High Solar + Nuclear + 80% Instate,High NatGas Price,346525781.8208699,6188837.640062243,0,352714619.46093214,10473.906,18764823.185694236,0.20451807600619604,18.796586355784672
statedpolicy_dgsolar_nuclear_instaterps_highngcost,2050,SP + High Solar + Nuclear + 80% Instate,High NatGas Price,476690117.2646316,3823483.6276042433,171874408,652388008.8922359,15730.893916666668,27918570.264222734,0.20259823865754945,23.36752930819893
statedpolicy_dgsolar_nuclear_instaterps_highrecost,2030,SP + High Solar + Nuclear + 80% Instate,High RE/BESS Cost,177810376.00868636,26042725.2063531,40839723,244692824.21503946,4370.225083333334,7839489.807756768,0.20477639269406395,31.21285060833023
statedpolicy_dgsolar_nuclear_instaterps_highrecost,2040,SP + High Solar + Nuclear + 80% Instate,High RE/BESS Cost,367206553.9593463,14817806.55388219,98327154,480351514.5132285,10473.906,18764823.185694236,0.20451807600619604,25.59851002909714
statedpolicy_dgsolar_nuclear_instaterps_highrecost,2050,SP + High Solar + Nuclear + 80% Instate,High RE/BESS Cost,533995121.20539033,10433317.892002221,291444794,835873233.0973926,15730.893916666668,27918570.264222734,0.20259823865754945,29.939686208378397
statedpolicy_dgsolar_nuclear_instaterps_lowngcost,2030,SP + High Solar + Nuclear + 80% Instate,Low NatGas Price,149035749.551169,20815889.488262556,34662451,204514090.03943157,4370.225083333334,7839489.807756768,0.20477639269406395,26.087678542177006
statedpolicy_dgsolar_nuclear_instaterps_lowngcost,2040,SP + High Solar + Nuclear + 80% Instate,Low NatGas Price,266288321.79462957,9889331.025015067,56150873,332328525.81964463,10473.906,18764823.185694236,0.20451807600619604,17.710186902960128
statedpolicy_dgsolar_nuclear_instaterps_lowngcost,2050,SP + High Solar + Nuclear + 80% Instate,Low NatGas Price,366257114.6831893,10479951.264965193,281678909,658415974.9481544,15730.893916666668,27918570.264222734,0.20259823865754945,23.583441727741537
statedpolicy_dgsolar_nuclear_instaterps_lowrecost,2030,SP + High Solar + Nuclear + 80% Instate,Low RE/BESS Cost,175659895.79686463,2410744.29096611,11125899,189196539.08783075,4370.225083333334,7839489.807756768,0.20477639269406395,24.133782137280235
statedpolicy_dgsolar_nuclear_instaterps_lowrecost,2040,SP + High Solar + Nuclear + 80% Instate,Low RE/BESS Cost,291393736.4847394,4184058.856765363,0,295577795.3415048,10473.906,18764823.185694236,0.20451807600619604,15.751696267878765
statedpolicy_dgsolar_nuclear_instaterps_lowrecost,2050,SP + High Solar + Nuclear + 80% Instate,Low RE/BESS Cost,424669430.0266795,3815146.172027761,87783003,516267579.1987073,15730.893916666668,27918570.264222734,0.20259823865754945,18.491906079456264
statedpolicy_dgsolar_nuclear_instaterps_mid,2030,SP + High Solar + Nuclear + 80% Instate,Mid,177001982.5280104,5186824.438744383,20409269,202598075.9667548,4370.225083333334,7839489.807756768,0.20477639269406395,25.843273087273424
statedpolicy_dgsolar_nuclear_instaterps_mid,2040,SP + High Solar + Nuclear + 80% Instate,Mid,337740037.9062676,8474591.311018199,6802243,353016872.21728575,10473.906,18764823.185694236,0.20451807600619604,18.81269376875428
statedpolicy_dgsolar_nuclear_instaterps_mid,2050,SP + High Solar + Nuclear + 80% Instate,Mid,459943906.7657429,3969987.040908982,185637262,649551155.8066518,15730.893916666668,27918570.264222734,0.20259823865754945,23.26591761896356
statedpolicy_dgsolar_nuclear_instaterps_noflexibleload,2030,SP + High Solar + Nuclear + 80% Instate,No Flexible Load,175118120.56219208,3679027.0099807014,21946509,200743656.5721728,4370.225083333334,7839489.807756768,0.20477639269406395,25.60672460770947
statedpolicy_dgsolar_nuclear_instaterps_noflexibleload,2040,SP + High Solar + Nuclear + 80% Instate,No Flexible Load,328271927.9245865,16783138.00965438,9218326,354273391.9342409,10473.906,18764823.185694236,0.20451807600619604,18.879655215953687
statedpolicy_dgsolar_nuclear_instaterps_noflexibleload,2050,SP + High Solar + Nuclear + 80% Instate,No Flexible Load,465631111.0264741,21277390.08827086,183457392,670365893.114745,15730.893916666668,27918570.264222734,0.20259823865754945,24.011469311299575
statedpolicy_dgsolar_nuclear_instaterps_nointertrans,2030,SP + High Solar + Nuclear + 80% Instate,No Interregional Transmission Upgrade,173865971.6431652,7863915.962441307,20698230,202428117.6056065,4370.225083333334,7839489.807756768,0.20477639269406395,25.821593314059086
statedpolicy_dgsolar_nuclear_instaterps_nointertrans,2040,SP + High Solar + Nuclear + 80% Instate,No Interregional Transmission Upgrade,364814122.34596217,18028954.328878187,0,382843076.67484033,10473.906,18764823.185694236,0.20451807600619604,20.402168082601968
statedpolicy_dgsolar_nuclear_instaterps_nointertrans,2050,SP + High Solar + Nuclear + 80% Instate,No Interregional Transmission Upgrade,528735356.82568246,13414437.84206491,130984895,673134689.6677473,15730.893916666668,27918570.264222734,0.20259823865754945,24.110643320813608
statedpolicy_dgsolar_nuclear_lowngcost,2030,SP + High Solar + Nuclear,Low NatGas Price,149036794.9513396,20816567.672027618,34662153,204515515.62336722,4370.225083333334,7839489.807756768,0.20477639269406395,26.087860388696438
statedpolicy_dgsolar_nuclear_lowngcost,2040,SP + High Solar + Nuclear,Low NatGas Price,266286228.29842907,9889364.231486646,56150175,332325767.5299157,10473.906,18764823.185694236,0.20451807600619604,17.710039910382495
statedpolicy_dgsolar_nuclear_lowngcost,2050,SP + High Solar + Nuclear,Low NatGas Price,399657969.2831253,10471300.204579946,84786417,494915686.48770523,15730.893916666668,27918570.264222734,0.20259823865754945,17.727114311506593
statedpolicy_dgsolar_nuclear_lowrecost,2030,SP + High Solar + Nuclear,Low RE/BESS Cost,175659946.46932554,2410734.4579596724,11126028,189196708.92728522,4370.225083333334,7839489.807756768,0.20477639269406395,24.133803801885797
statedpolicy_dgsolar_nuclear_lowrecost,2040,SP + High Solar + Nuclear,Low RE/BESS Cost,291394026.27645516,4184047.846595376,-1,295578073.1230505,10473.906,18764823.185694236,0.20451807600619604,15.751711071191481
statedpolicy_dgsolar_nuclear_lowrecost,2050,SP + High Solar + Nuclear,Low RE/BESS Cost,435765074.43367934,3772141.803028928,-3,439537213.2367083,15730.893916666668,27918570.264222734,0.20259823865754945,15.743543063878498
statedpolicy_dgsolar_nuclear_mid,2030,SP + High Solar + Nuclear,Mid,177002317.8155023,5186516.343120277,20409741,202598575.15862256,4370.225083333334,7839489.807756768,0.20477639269406395,25.843336763849326
statedpolicy_dgsolar_nuclear_mid,2040,SP + High Solar + Nuclear,Mid,337739516.8498687,8474590.116992917,6802189,353016295.9668616,10473.906,18764823.185694236,0.20451807600619604,18.812663059675995
statedpolicy_dgsolar_nuclear_mid,2050,SP + High Solar + Nuclear,Mid,478311505.83005965,3974066.1686716517,16089015,498374586.9987313,15730.893916666668,27918570.264222734,0.20259823865754945,17.85100677728442
statedpolicy_dgsolar_nuclear_noflexibleload,2030,SP + High Solar + Nuclear,No Flexible Load,175116190.9120372,3678736.7553634765,21946725,200741652.66740066,4370.225083333334,7839489.807756768,0.20477639269406395,25.606468990976584
statedpolicy_dgsolar_nuclear_noflexibleload,2040,SP + High Solar + Nuclear,No Flexible Load,328270565.49223775,16782910.051374633,9217466,354270941.54361236,10473.906,18764823.185694236,0.20451807600619604,18.87952463168949
statedpolicy_dgsolar_nuclear_noflexibleload,2050,SP + High Solar + Nuclear,No Flexible Load,482193490.76616025,21272475.291376837,23740263,527206229.0575371,15730.893916666668,27918570.264222734,0.20259823865754945,18.883711596547787
statedpolicy_dgsolar_nuclear_nointertrans,2030,SP + High Solar + Nuclear,No Interregional Transmission Upgrade,173866226.0320537,7863918.977896613,20698243,202428388.0099503,4370.225083333334,7839489.807756768,0.20477639269406395,25.821627806653687
statedpolicy_dgsolar_nuclear_nointertrans,2040,SP + High Solar + Nuclear,No Interregional Transmission Upgrade,364812485.94855994,18028952.02880843,0,382841437.97736835,10473.906,18764823.185694236,0.20451807600619604,20.402080754442476
statedpolicy_dgsolar_nuclear_nointertrans,2050,SP + High Solar + Nuclear,No Interregional Transmission Upgrade,538697358.00512,13632348.200092409,0,552329706.2052125,15730.893916666668,27918570.264222734,0.20259823865754945,19.783595684805373
statedpolicy_doublezcfcost,2030,Stated Policy (SP),Doubled ZCF Fuel Price,82298176.59973274,2576707.536900728,9918646,94793530.13663347,1960.4601499999999,3516754.1880281805,0.20477639269406397,26.95483535907397
statedpolicy_doublezcfcost,2040,Stated Policy (SP),Doubled ZCF Fuel Price,78854785.43060774,3216849.1830617813,1293448,83365082.61366951,1960.4601499999999,3516754.1880281805,0.20477639269406397,23.70512073248194
statedpolicy_doublezcfcost,2050,Stated Policy (SP),Doubled ZCF Fuel Price,78037720.12645751,1120848.222103139,2865217,82023785.34856065,1960.4601499999999,3516754.1880281805,0.20477639269406397,23.323718680079487
statedpolicy_highngcost,2030,Stated Policy (SP),High NatGas Price,94608361.20672776,1500284.4678848993,640973,96749618.67461266,1960.4601499999999,3516754.1880281805,0.20477639269406397,27.511055223583735
statedpolicy_highngcost,2040,Stated Policy (SP),High NatGas Price,78625952.6174369,1602205.7233553566,0,80228158.34079225,1960.4601499999999,3516754.1880281805,0.20477639269406397,22.813126551155293
statedpolicy_highngcost,2050,Stated Policy (SP),High NatGas Price,75320684.1214463,632841.620285261,0,75953525.74173155,1960.4601499999999,3516754.1880281805,0.20477639269406397,21.597621465922863
statedpolicy_highrecost,2030,Stated Policy (SP),High RE/BESS Cost,82943221.06429851,13312244.486887071,18604972,114860437.55118558,1960.4601499999999,3516754.1880281805,0.20477639269406397,32.6609229448553
statedpolicy_highrecost,2040,Stated Policy (SP),High RE/BESS Cost,82335006.77993497,3233152.1250037546,19346570,104914728.90493873,1960.4601499999999,3516754.1880281805,0.20477639269406397,29.832829733193176
statedpolicy_highrecost,2050,Stated Policy (SP),High RE/BESS Cost,85451486.14805731,1351523.3338981187,10178473,96981482.48195542,1960.4601499999999,3516754.1880281805,0.20477639269406397,27.576986418926328
statedpolicy_instaterps_doublezcfcost,2030,SP + 80% Instate,Doubled ZCF Fuel Price,82298201.57137391,2576766.0213479227,9918607,94793574.59272183,1960.4601499999999,3516754.1880281805,0.20477639269406397,26.954848000301077
statedpolicy_instaterps_doublezcfcost,2040,SP + 80% Instate,Doubled ZCF Fuel Price,70979683.64193451,2756089.8947013635,24909208,98644981.53663588,1960.4601499999999,3516754.1880281805,0.20477639269406397,28.050007553114035
statedpolicy_instaterps_doublezcfcost,2050,SP + 80% Instate,Doubled ZCF Fuel Price,52537041.5431994,1166750.3756730664,126206237,179910028.91887245,1960.4601499999999,3516754.1880281805,0.20477639269406397,51.15797673073839
statedpolicy_instaterps_highngcost,2030,SP + 80% Instate,High NatGas Price,94608305.38042751,1500274.8906449745,640990,96749570.27107248,1960.4601499999999,3516754.1880281805,0.20477639269406397,27.51104145988642
statedpolicy_instaterps_highngcost,2040,SP + 80% Instate,High NatGas Price,69034910.687512815,1551548.0690526292,24070348,94656806.75656545,1960.4601499999999,3516754.1880281805,0.20477639269406397,26.915957640371463
statedpolicy_instaterps_highngcost,2050,SP + 80% Instate,High NatGas Price,54905325.71377014,551826.9149580754,104809054,160266206.62872824,1960.4601499999999,3516754.1880281805,0.20477639269406397,45.572194717023535
statedpolicy_instaterps_highrecost,2030,SP + 80% Instate,High RE/BESS Cost,82942872.94779527,13312328.284795722,18604949,114860150.23259099,1960.4601499999999,3516754.1880281805,0.20477639269406397,32.66084124491859
statedpolicy_instaterps_highrecost,2040,SP + 80% Instate,High RE/BESS Cost,74787717.9118953,3102382.983084861,56589601,134479701.89498016,1960.4601499999999,3516754.1880281805,0.20477639269406397,38.239721830083894
statedpolicy_instaterps_highrecost,2050,SP + 80% Instate,High RE/BESS Cost,45324559.629767135,1134530.5903003493,248001560,294460650.22006744,1960.4601499999999,3516754.1880281805,0.20477639269406397,83.73080246054089
statedpolicy_instaterps_lowngcost,2030,SP + 80% Instate,Low NatGas Price,69518336.81507188,10249208.797694255,15708529,95476074.61276613,1960.4601499999999,3516754.1880281805,0.20477639269406397,27.148919005424972
statedpolicy_instaterps_lowngcost,2040,SP + 80% Instate,Low NatGas Price,52369016.87136012,1969503.089252235,47813979,102152498.96061236,1960.4601499999999,3516754.1880281805,0.20477639269406397,29.04738105050457
statedpolicy_instaterps_lowngcost,2050,SP + 80% Instate,Low NatGas Price,35467237.312676616,1418616.0118324133,147851654,184737507.32450902,1960.4601499999999,3516754.1880281805,0.20477639269406397,52.53068524191907
statedpolicy_instaterps_lowrecost,2030,SP + 80% Instate,Low RE/BESS Cost,81650876.42644146,1680618.7200537107,5732967,89064462.14649518,1960.4601499999999,3516754.1880281805,0.20477639269406397,25.32575704315376
statedpolicy_instaterps_lowrecost,2040,SP + 80% Instate,Low RE/BESS Cost,55252152.963149525,1105755.9552691416,27543151,83901059.91841866,1960.4601499999999,3516754.1880281805,0.20477639269406397,23.85752754742901
statedpolicy_instaterps_lowrecost,2050,SP + 80% Instate,Low RE/BESS Cost,47368466.782032736,644052.7759230642,108142026,156154545.5579558,1960.4601499999999,3516754.1880281805,0.20477639269406397,44.4030310931429
statedpolicy_instaterps_mid,2030,SP + 80% Instate,Mid,82298201.57137391,2576766.0213479227,9918607,94793574.59272183,1960.4601499999999,3516754.1880281805,0.20477639269406397,26.954848000301077
statedpolicy_instaterps_mid,2040,SP + 80% Instate,Mid,70468087.50900257,2060073.6639201976,26127584,98655745.17292276,1960.4601499999999,3516754.1880281805,0.20477639269406397,28.053068226596285
statedpolicy_instaterps_mid,2050,SP + 80% Instate,Mid,49263575.95013796,605375.7617879354,132145989,182014940.7119259,1960.4601499999999,3516754.1880281805,0.20477639269406397,51.756514951072084
statedpolicy_instaterps_noflexibleload,2030,SP + 80% Instate,No Flexible Load,81136698.40475175,2331252.290189889,10878882,94346832.69494164,1960.4601499999999,3516754.1880281805,0.20477639269406397,26.827815551089525
statedpolicy_instaterps_noflexibleload,2040,SP + 80% Instate,No Flexible Load,67637193.66022247,3907425.7721157856,28825148,100369767.43233825,1960.4601499999999,3516754.1880281805,0.20477639269406397,28.540455791314457
statedpolicy_instaterps_noflexibleload,2050,SP + 80% Instate,No Flexible Load,52319718.97460508,889337.8037209194,120373572,173582628.778326,1960.4601499999999,3516754.1880281805,0.20477639269406397,49.35876080541546
statedpolicy_instaterps_nointertrans,2030,SP + 80% Instate,No Interregional Transmission Upgrade,81093839.7805423,5621432.867844241,9481860,96197132.64838654,1960.4601499999999,3516754.1880281805,0.20477639269406397,27.353954102297834
statedpolicy_instaterps_nointertrans,2040,SP + 80% Instate,No Interregional Transmission Upgrade,71645502.43209128,3654114.415007606,25380054,100679670.84709889,1960.4601499999999,3516754.1880281805,0.20477639269406397,28.62857779194095
statedpolicy_instaterps_nointertrans,2050,SP + 80% Instate,No Interregional Transmission Upgrade,56205572.38688956,2096323.1900307373,129722032,188023927.5769203,1960.4601499999999,3516754.1880281805,0.20477639269406397,53.46518907036377
statedpolicy_lowngcost,2030,Stated Policy (SP),Low NatGas Price,69518436.39587077,10249242.912053416,15708611,95476290.3079242,1960.4601499999999,3516754.1880281805,0.20477639269406397,27.148980339014564
statedpolicy_lowngcost,2040,Stated Policy (SP),Low NatGas Price,65321410.034741595,2276238.8714105785,10935652,78533300.90615217,1960.4601499999999,3516754.1880281805,0.20477639269406397,22.33118856401654
statedpolicy_lowngcost,2050,Stated Policy (SP),Low NatGas Price,64388178.60788683,1539084.4946209681,13029688,78956951.10250778,1960.4601499999999,3516754.1880281805,0.20477639269406397,22.45165481605025
statedpolicy_lowrecost,2030,Stated Policy (SP),Low RE/BESS Cost,81650865.13933873,1680580.9074825216,5732790,89064236.04682125,1960.4601499999999,3516754.1880281805,0.20477639269406397,25.325692751007697
statedpolicy_lowrecost,2040,Stated Policy (SP),Low RE/BESS Cost,66309981.607034445,1319694.467416048,0,67629676.0744505,1960.4601499999999,3516754.1880281805,0.20477639269406397,19.230708903305516
statedpolicy_lowrecost,2050,Stated Policy (SP),Low RE/BESS Cost,63905865.062509805,463476.37555836537,0,64369341.438068174,1960.4601499999999,3516754.1880281805,0.20477639269406397,18.303622600975594
statedpolicy_mid,2030,Stated Policy (SP),Mid,82298176.59973274,2576707.536900728,9918646,94793530.13663347,1960.4601499999999,3516754.1880281805,0.20477639269406397,26.95483535907397
statedpolicy_mid,2040,Stated Policy (SP),Mid,78261746.5701749,2211599.9642138286,1398909,81872255.53438874,1960.4601499999999,3516754.1880281805,0.20477639269406397,23.280630705751413
statedpolicy_mid,2050,Stated Policy (SP),Mid,73833902.15214863,622851.7544708698,2828449,77285202.9066195,1960.4601499999999,3516754.1880281805,0.20477639269406397,21.976288012882918
statedpolicy_noflexibleload,2030,Stated Policy (SP),No Flexible Load,81136916.90609509,2331281.9276422523,10878397,94346595.83373734,1960.4601499999999,3516754.1880281805,0.20477639269406397,26.827748198868804
statedpolicy_noflexibleload,2040,Stated Policy (SP),No Flexible Load,76668380.07754451,4022158.4409730304,1997106,82687644.51851754,1960.4601499999999,3516754.1880281805,0.20477639269406397,23.51248910145748
statedpolicy_noflexibleload,2050,Stated Policy (SP),No Flexible Load,74557393.41560434,890290.0368566094,4303751,79751434.45246094,1960.4601499999999,3516754.1880281805,0.20477639269406397,22.677568629605304
statedpolicy_nointertrans,2030,Stated Policy (SP),No Interregional Transmission Upgrade,81093528.54957685,5621371.118054621,9481636,96196535.66763148,1960.4601499999999,3516754.1880281805,0.20477639269406397,27.353784348961906
statedpolicy_nointertrans,2040,Stated Policy (SP),No Interregional Transmission Upgrade,82661408.68347053,3987954.237843096,335710,86985072.92131363,1960.4601499999999,3516754.1880281805,0.20477639269406397,24.73447624443878
statedpolicy_nointertrans,2050,Stated Policy (SP),No Interregional Transmission Upgrade,78223325.72503264,2018362.5891165966,479432,80721120.31414925,1960.4601499999999,3516754.1880281805,0.20477639269406397,22.953301822726772
statedpolicy_nuclear_doublezcfcost,2030,SP + Nuclear,Doubled ZCF Fuel Price,82298176.59973274,2576707.536900728,9918646,94793530.13663347,1960.4601499999999,3516754.1880281805,0.20477639269406397,26.95483535907397
statedpolicy_nuclear_doublezcfcost,2040,SP + Nuclear,Doubled ZCF Fuel Price,75107783.43835741,3146904.8495922913,1718534,79973222.28794971,1960.4601499999999,3516754.1880281805,0.20477639269406397,22.74063469098764
statedpolicy_nuclear_doublezcfcost,2050,SP + Nuclear,Doubled ZCF Fuel Price,75288682.20446742,1483306.6516516018,3500089,80272077.85611902,1960.4601499999999,3516754.1880281805,0.20477639269406397,22.82561520204715
statedpolicy_nuclear_highngcost,2030,SP + Nuclear,High NatGas Price,94608361.20672776,1500284.4678848993,640973,96749618.67461266,1960.4601499999999,3516754.1880281805,0.20477639269406397,27.511055223583735
statedpolicy_nuclear_highngcost,2040,SP + Nuclear,High NatGas Price,76055257.21600145,1731546.981376047,0,77786804.1973775,1960.4601499999999,3516754.1880281805,0.20477639269406397,22.11891990124906
statedpolicy_nuclear_highngcost,2050,SP + Nuclear,High NatGas Price,75040333.21091272,797355.6318734959,0,75837688.84278622,1960.4601499999999,3516754.1880281805,0.20477639269406397,21.56468288314114
statedpolicy_nuclear_highrecost,2030,SP + Nuclear,High RE/BESS Cost,82943022.59150313,13312139.54894453,18604592,114859754.14044766,1960.4601499999999,3516754.1880281805,0.20477639269406397,32.66072861488472
statedpolicy_nuclear_highrecost,2040,SP + Nuclear,High RE/BESS Cost,79163809.61656901,3492086.253558443,19594412,102250307.87012745,1960.4601499999999,3516754.1880281805,0.20477639269406397,29.07519331837591
statedpolicy_nuclear_highrecost,2050,SP + Nuclear,High RE/BESS Cost,83957730.36109056,1365406.713563797,10442922,95766059.07465436,1960.4601499999999,3516754.1880281805,0.20477639269406397,27.231376989800278
statedpolicy_nuclear_instaterps_doublezcfcost,2030,SP + Nuclear + 80% Instate,Doubled ZCF Fuel Price,82298201.57137391,2576766.0213479227,9918607,94793574.59272183,1960.4601499999999,3516754.1880281805,0.20477639269406397,26.954848000301077
statedpolicy_nuclear_instaterps_doublezcfcost,2040,SP + Nuclear + 80% Instate,Doubled ZCF Fuel Price,67417613.95776625,2341705.154741169,28766414,98525733.11250742,1960.4601499999999,3516754.1880281805,0.20477639269406397,28.016098892527403
statedpolicy_nuclear_instaterps_doublezcfcost,2050,SP + Nuclear + 80% Instate,Doubled ZCF Fuel Price,55803994.71884487,1291422.5916061238,115426533,172521950.31045097,1960.4601499999999,3516754.1880281805,0.20477639269406397,49.05715358149124
statedpolicy_nuclear_instaterps_highngcost,2030,SP + Nuclear + 80% Instate,High NatGas Price,94608305.38042751,1500274.8906449745,640990,96749570.27107248,1960.4601499999999,3516754.1880281805,0.20477639269406397,27.51104145988642
statedpolicy_nuclear_instaterps_highngcost,2040,SP + Nuclear + 80% Instate,High NatGas Price,66596667.744371355,1656988.7143537404,26326727,94580383.4587251,1960.4601499999999,3516754.1880281805,0.20477639269406397,26.894226437747033
statedpolicy_nuclear_instaterps_highngcost,2050,SP + Nuclear + 80% Instate,High NatGas Price,55857980.331875,562420.0316126706,102272367,158692767.36348766,1960.4601499999999,3516754.1880281805,0.20477639269406397,45.12478236429302
statedpolicy_nuclear_instaterps_highrecost,2030,SP + Nuclear + 80% Instate,High RE/BESS Cost,82942872.94779527,13312328.284795722,18604949,114860150.23259099,1960.4601499999999,3516754.1880281805,0.20477639269406397,32.66084124491859
statedpolicy_nuclear_instaterps_highrecost,2040,SP + Nuclear + 80% Instate,High RE/BESS Cost,71578979.35096624,3220292.0161393937,58951580,133750851.36710563,1960.4601499999999,3516754.1880281805,0.20477639269406397,38.0324709137828
statedpolicy_nuclear_instaterps_highrecost,2050,SP + Nuclear + 80% Instate,High RE/BESS Cost,54225071.62418575,1333244.4692648507,230970975,286529291.0934506,1960.4601499999999,3516754.1880281805,0.20477639269406397,81.47549580487045
statedpolicy_nuclear_instaterps_lowngcost,2030,SP + Nuclear + 80% Instate,Low NatGas Price,69518336.81507188,10249208.797694255,15708529,95476074.61276613,1960.4601499999999,3516754.1880281805,0.20477639269406397,27.148919005424972
statedpolicy_nuclear_instaterps_lowngcost,2040,SP + Nuclear + 80% Instate,Low NatGas Price,53227459.21991954,2132788.4875221215,43015506,98375753.70744166,1960.4601499999999,3516754.1880281805,0.20477639269406397,27.973451781854635
statedpolicy_nuclear_instaterps_lowngcost,2050,SP + Nuclear + 80% Instate,Low NatGas Price,35974523.851730525,1535459.456377015,147966794,185476777.30810755,1960.4601499999999,3516754.1880281805,0.20477639269406397,52.74089896288802
statedpolicy_nuclear_instaterps_lowrecost,2030,SP + Nuclear + 80% Instate,Low RE/BESS Cost,81650905.70663509,1680532.94835378,5732920,89064358.65498887,1960.4601499999999,3516754.1880281805,0.20477639269406397,25.325727615021805
statedpolicy_nuclear_instaterps_lowrecost,2040,SP + Nuclear + 80% Instate,Low RE/BESS Cost,57619312.24792969,1094590.9214168272,19267270,77981173.16934653,1960.4601499999999,3516754.1880281805,0.20477639269406397,22.174189323442597
statedpolicy_nuclear_instaterps_lowrecost,2050,SP + Nuclear + 80% Instate,Low RE/BESS Cost,51310997.04977182,593302.8898121199,84749854,136654153.93958393,1960.4601499999999,3516754.1880281805,0.20477639269406397,38.858034037404515
statedpolicy_nuclear_instaterps_mid,2030,SP + Nuclear + 80% Instate,Mid,82298201.57137391,2576766.0213479227,9918607,94793574.59272183,1960.4601499999999,3516754.1880281805,0.20477639269406397,26.954848000301077
statedpolicy_nuclear_instaterps_mid,2040,SP + Nuclear + 80% Instate,Mid,66721048.233598,2037326.2134654503,29627173,98385547.44706345,1960.4601499999999,3516754.1880281805,0.20477639269406397,27.976236662201156
statedpolicy_nuclear_instaterps_mid,2050,SP + Nuclear + 80% Instate,Mid,50887505.648402125,537163.4360471657,127740776,179165445.0844493,1960.4601499999999,3516754.1880281805,0.20477639269406397,50.94625199974699
statedpolicy_nuclear_instaterps_noflexibleload,2030,SP + Nuclear + 80% Instate,No Flexible Load,81136698.40475175,2331252.290189889,10878882,94346832.69494164,1960.4601499999999,3516754.1880281805,0.20477639269406397,26.827815551089525
statedpolicy_nuclear_instaterps_noflexibleload,2040,SP + Nuclear + 80% Instate,No Flexible Load,64807325.085386045,3955050.95137021,31471285,100233661.03675625,1960.4601499999999,3516754.1880281805,0.20477639269406397,28.50175351407104
statedpolicy_nuclear_instaterps_noflexibleload,2050,SP + Nuclear + 80% Instate,No Flexible Load,54801907.10378909,891242.0065064551,119239091,174932240.11029553,1960.4601499999999,3516754.1880281805,0.20477639269406397,49.74252698860901
statedpolicy_nuclear_instaterps_nointertrans,2030,SP + Nuclear + 80% Instate,No Interregional Transmission Upgrade,81093839.7805423,5621432.867844241,9481860,96197132.64838654,1960.4601499999999,3516754.1880281805,0.20477639269406397,27.353954102297834
statedpolicy_nuclear_instaterps_nointertrans,2040,SP + Nuclear + 80% Instate,No Interregional Transmission Upgrade,69705236.33801219,3572850.9390501464,26455277,99733364.27706234,1960.4601499999999,3516754.1880281805,0.20477639269406397,28.3594925731736
statedpolicy_nuclear_instaterps_nointertrans,2050,SP + Nuclear + 80% Instate,No Interregional Transmission Upgrade,58551987.43706396,2144463.8911020216,125160451,185856902.32816598,1960.4601499999999,3516754.1880281805,0.20477639269406397,52.848988695560394
statedpolicy_nuclear_lowngcost,2030,SP + Nuclear,Low NatGas Price,69518436.39587077,10249242.912053416,15708611,95476290.3079242,1960.4601499999999,3516754.1880281805,0.20477639269406397,27.148980339014564
statedpolicy_nuclear_lowngcost,2040,SP + Nuclear,Low NatGas Price,62302390.47475916,2377551.516926965,11290785,75970726.99168612,1960.4601499999999,3516754.1880281805,0.20477639269406397,21.60251269488994
statedpolicy_nuclear_lowngcost,2050,SP + Nuclear,Low NatGas Price,62062677.64390163,1583795.5651374748,13119684,76766157.2090391,1960.4601499999999,3516754.1880281805,0.20477639269406397,21.828695753137456
statedpolicy_nuclear_lowrecost,2030,SP + Nuclear,Low RE/BESS Cost,81650865.13933873,1680580.9074825216,5732790,89064236.04682125,1960.4601499999999,3516754.1880281805,0.20477639269406397,25.325692751007697
statedpolicy_nuclear_lowrecost,2040,SP + Nuclear,Low RE/BESS Cost,64724069.36252853,1392710.9658416696,0,66116780.3283702,1960.4601499999999,3516754.1880281805,0.20477639269406397,18.800512288702617
statedpolicy_nuclear_lowrecost,2050,SP + Nuclear,Low RE/BESS Cost,63081312.35811515,500796.6846140491,0,63582109.0427292,1960.4601499999999,3516754.1880281805,0.20477639269406397,18.079770618935196
statedpolicy_nuclear_mid,2030,SP + Nuclear,Mid,82298176.59973274,2576707.536900728,9918646,94793530.13663347,1960.4601499999999,3516754.1880281805,0.20477639269406397,26.95483535907397
statedpolicy_nuclear_mid,2040,SP + Nuclear,Mid,74508802.84872854,2188799.1014143857,1765371,78462972.95014292,1960.4601499999999,3516754.1880281805,0.20477639269406397,22.31119059081481
statedpolicy_nuclear_mid,2050,SP + Nuclear,Mid,71454725.18458337,666358.9816909311,3597109,75718193.1662743,1960.4601499999999,3516754.1880281805,0.20477639269406397,21.530703915569646
statedpolicy_nuclear_noflexibleload,2030,SP + Nuclear,No Flexible Load,81136916.90609509,2331281.9276422523,10878397,94346595.83373734,1960.4601499999999,3516754.1880281805,0.20477639269406397,26.827748198868804
statedpolicy_nuclear_noflexibleload,2040,SP + Nuclear,No Flexible Load,72763113.3778993,4095579.1925550546,2476959,79335651.57045436,1960.4601499999999,3516754.1880281805,0.20477639269406397,22.559339472895406
statedpolicy_nuclear_noflexibleload,2050,SP + Nuclear,No Flexible Load,71744434.94620131,948307.3236497138,5032537,77725279.26985103,1960.4601499999999,3516754.1880281805,0.20477639269406397,22.10142509659768
statedpolicy_nuclear_nointertrans,2030,SP + Nuclear,No Interregional Transmission Upgrade,81093528.54957685,5621371.118054621,9481636,96196535.66763148,1960.4601499999999,3516754.1880281805,0.20477639269406397,27.353784348961906
statedpolicy_nuclear_nointertrans,2040,SP + Nuclear,No Interregional Transmission Upgrade,77832470.9576464,3992647.5864998526,576299,82401417.54414625,1960.4601499999999,3516754.1880281805,0.20477639269406397,23.43109957035358
statedpolicy_nuclear_nointertrans,2050,SP + Nuclear,No Interregional Transmission Upgrade,77273853.08658546,2482845.7817263324,1411914,81168612.8683118,1960.4601499999999,3516754.1880281805,0.20477639269406397,23.08054772341722
